id,submitdate,lastpage,startlanguage,seed,ConsentText,LabelConsent,ConsentUnderstood,ConsentParticipate,LabelScreening,ScreeningAge,ScreeningEnrolled,LikertTypePage1[1],LikertTypePage1[2],LikertTypePage1[3],LikertTypePage1[4],LikertTypePage1[5],LikertTypePage1[6],LikertTypePage1[7],LikertTypePage1[8],LikertTypePage1[9],SkipNoticePage1,GridInstructPage1,Page2Grid1[Y1_X1],Page2Grid1[Y1_X2],Page2Grid1[Y1_X3],Page2Grid1[Y1_X4],Page2Grid1[Y1_X5],Page2Grid1[Y2_X1],Page2Grid1[Y2_X2],Page2Grid1[Y2_X3],Page2Grid1[Y2_X4],Page2Grid1[Y2_X5],Page2Grid1[Y3_X1],Page2Grid1[Y3_X2],Page2Grid1[Y3_X3],Page2Grid1[Y3_X4],Page2Grid1[Y3_X5],Page2Grid1[Y4_X1],Page2Grid1[Y4_X2],Page2Grid1[Y4_X3],Page2Grid1[Y4_X4],Page2Grid1[Y4_X5],Page2Grid1[Y5_X1],Page2Grid1[Y5_X2],Page2Grid1[Y5_X3],Page2Grid1[Y5_X4],Page2Grid1[Y5_X5],Page2Grid2[Y1_X1],Page2Grid2[Y1_X2],Page2Grid2[Y1_X3],Page2Grid2[Y1_X4],Page2Grid2[Y1_X5],Page2Grid2[Y2_X1],Page2Grid2[Y2_X2],Page2Grid2[Y2_X3],Page2Grid2[Y2_X4],Page2Grid2[Y2_X5],Page2Grid2[Y3_X1],Page2Grid2[Y3_X2],Page2Grid2[Y3_X3],Page2Grid2[Y3_X4],Page2Grid2[Y3_X5],Page2Grid2[Y4_X1],Page2Grid2[Y4_X2],Page2Grid2[Y4_X3],Page2Grid2[Y4_X4],Page2Grid2[Y4_X5],Page2Grid2[Y5_X1],Page2Grid2[Y5_X2],Page2Grid2[Y5_X3],Page2Grid2[Y5_X4],Page2Grid2[Y5_X5],Page2Grid3[Y1_X1],Page2Grid3[Y1_X2],Page2Grid3[Y1_X3],Page2Grid3[Y1_X4],Page2Grid3[Y1_X5],Page2Grid3[Y2_X1],Page2Grid3[Y2_X2],Page2Grid3[Y2_X3],Page2Grid3[Y2_X4],Page2Grid3[Y2_X5],Page2Grid3[Y3_X1],Page2Grid3[Y3_X2],Page2Grid3[Y3_X3],Page2Grid3[Y3_X4],Page2Grid3[Y3_X5],Page2Grid3[Y4_X1],Page2Grid3[Y4_X2],Page2Grid3[Y4_X3],Page2Grid3[Y4_X4],Page2Grid3[Y4_X5],Page2Grid3[Y5_X1],Page2Grid3[Y5_X2],Page2Grid3[Y5_X3],Page2Grid3[Y5_X4],Page2Grid3[Y5_X5],Page2Grid4[Y1_X1],Page2Grid4[Y1_X2],Page2Grid4[Y1_X3],Page2Grid4[Y1_X4],Page2Grid4[Y1_X5],Page2Grid4[Y2_X1],Page2Grid4[Y2_X2],Page2Grid4[Y2_X3],Page2Grid4[Y2_X4],Page2Grid4[Y2_X5],Page2Grid4[Y3_X1],Page2Grid4[Y3_X2],Page2Grid4[Y3_X3],Page2Grid4[Y3_X4],Page2Grid4[Y3_X5],Page2Grid4[Y4_X1],Page2Grid4[Y4_X2],Page2Grid4[Y4_X3],Page2Grid4[Y4_X4],Page2Grid4[Y4_X5],Page2Grid4[Y5_X1],Page2Grid4[Y5_X2],Page2Grid4[Y5_X3],Page2Grid4[Y5_X4],Page2Grid4[Y5_X5],Page2Grid5[Y1_X1],Page2Grid5[Y1_X2],Page2Grid5[Y1_X3],Page2Grid5[Y1_X4],Page2Grid5[Y1_X5],Page2Grid5[Y2_X1],Page2Grid5[Y2_X2],Page2Grid5[Y2_X3],Page2Grid5[Y2_X4],Page2Grid5[Y2_X5],Page2Grid5[Y3_X1],Page2Grid5[Y3_X2],Page2Grid5[Y3_X3],Page2Grid5[Y3_X4],Page2Grid5[Y3_X5],Page2Grid5[Y4_X1],Page2Grid5[Y4_X2],Page2Grid5[Y4_X3],Page2Grid5[Y4_X4],Page2Grid5[Y4_X5],Page2Grid5[Y5_X1],Page2Grid5[Y5_X2],Page2Grid5[Y5_X3],Page2Grid5[Y5_X4],Page2Grid5[Y5_X5],Page2Grid6[Y1_X1],Page2Grid6[Y1_X2],Page2Grid6[Y1_X3],Page2Grid6[Y1_X4],Page2Grid6[Y1_X5],Page2Grid6[Y2_X1],Page2Grid6[Y2_X2],Page2Grid6[Y2_X3],Page2Grid6[Y2_X4],Page2Grid6[Y2_X5],Page2Grid6[Y3_X1],Page2Grid6[Y3_X2],Page2Grid6[Y3_X3],Page2Grid6[Y3_X4],Page2Grid6[Y3_X5],Page2Grid6[Y4_X1],Page2Grid6[Y4_X2],Page2Grid6[Y4_X3],Page2Grid6[Y4_X4],Page2Grid6[Y4_X5],Page2Grid6[Y5_X1],Page2Grid6[Y5_X2],Page2Grid6[Y5_X3],Page2Grid6[Y5_X4],Page2Grid6[Y5_X5],Page2Grid7[Y1_X1],Page2Grid7[Y1_X2],Page2Grid7[Y1_X3],Page2Grid7[Y1_X4],Page2Grid7[Y1_X5],Page2Grid7[Y2_X1],Page2Grid7[Y2_X2],Page2Grid7[Y2_X3],Page2Grid7[Y2_X4],Page2Grid7[Y2_X5],Page2Grid7[Y3_X1],Page2Grid7[Y3_X2],Page2Grid7[Y3_X3],Page2Grid7[Y3_X4],Page2Grid7[Y3_X5],Page2Grid7[Y4_X1],Page2Grid7[Y4_X2],Page2Grid7[Y4_X3],Page2Grid7[Y4_X4],Page2Grid7[Y4_X5],Page2Grid7[Y5_X1],Page2Grid7[Y5_X2],Page2Grid7[Y5_X3],Page2Grid7[Y5_X4],Page2Grid7[Y5_X5],Page2Grid8[Y1_X1],Page2Grid8[Y1_X2],Page2Grid8[Y1_X3],Page2Grid8[Y1_X4],Page2Grid8[Y1_X5],Page2Grid8[Y2_X1],Page2Grid8[Y2_X2],Page2Grid8[Y2_X3],Page2Grid8[Y2_X4],Page2Grid8[Y2_X5],Page2Grid8[Y3_X1],Page2Grid8[Y3_X2],Page2Grid8[Y3_X3],Page2Grid8[Y3_X4],Page2Grid8[Y3_X5],Page2Grid8[Y4_X1],Page2Grid8[Y4_X2],Page2Grid8[Y4_X3],Page2Grid8[Y4_X4],Page2Grid8[Y4_X5],Page2Grid8[Y5_X1],Page2Grid8[Y5_X2],Page2Grid8[Y5_X3],Page2Grid8[Y5_X4],Page2Grid8[Y5_X5],Page2Grid9[Y1_X1],Page2Grid9[Y1_X2],Page2Grid9[Y1_X3],Page2Grid9[Y1_X4],Page2Grid9[Y1_X5],Page2Grid9[Y2_X1],Page2Grid9[Y2_X2],Page2Grid9[Y2_X3],Page2Grid9[Y2_X4],Page2Grid9[Y2_X5],Page2Grid9[Y3_X1],Page2Grid9[Y3_X2],Page2Grid9[Y3_X3],Page2Grid9[Y3_X4],Page2Grid9[Y3_X5],Page2Grid9[Y4_X1],Page2Grid9[Y4_X2],Page2Grid9[Y4_X3],Page2Grid9[Y4_X4],Page2Grid9[Y4_X5],Page2Grid9[Y5_X1],Page2Grid9[Y5_X2],Page2Grid9[Y5_X3],Page2Grid9[Y5_X4],Page2Grid9[Y5_X5],Page2Grid10[Y1_X1],Page2Grid10[Y1_X2],Page2Grid10[Y1_X3],Page2Grid10[Y1_X4],Page2Grid10[Y1_X5],Page2Grid10[Y2_X1],Page2Grid10[Y2_X2],Page2Grid10[Y2_X3],Page2Grid10[Y2_X4],Page2Grid10[Y2_X5],Page2Grid10[Y3_X1],Page2Grid10[Y3_X2],Page2Grid10[Y3_X3],Page2Grid10[Y3_X4],Page2Grid10[Y3_X5],Page2Grid10[Y4_X1],Page2Grid10[Y4_X2],Page2Grid10[Y4_X3],Page2Grid10[Y4_X4],Page2Grid10[Y4_X5],Page2Grid10[Y5_X1],Page2Grid10[Y5_X2],Page2Grid10[Y5_X3],Page2Grid10[Y5_X4],Page2Grid10[Y5_X5],SkipNoticePage2,LikertTypePage3[1],LikertTypePage3[2],LikertTypePage3[3],LikertTypePage3[4],LikertTypePage3[5],LikertTypePage3[6],LikertTypePage3[7],LikertTypePage3[8],LikertTypePage3[9],LikertTypePage3[10],SkipNoticePage3,GridInstructPage4,Page4Grid1[Y1_X1],Page4Grid1[Y1_X2],Page4Grid1[Y1_X3],Page4Grid1[Y1_X4],Page4Grid1[Y1_X5],Page4Grid1[Y2_X1],Page4Grid1[Y2_X2],Page4Grid1[Y2_X3],Page4Grid1[Y2_X4],Page4Grid1[Y2_X5],Page4Grid1[Y3_X1],Page4Grid1[Y3_X2],Page4Grid1[Y3_X3],Page4Grid1[Y3_X4],Page4Grid1[Y3_X5],Page4Grid1[Y4_X1],Page4Grid1[Y4_X2],Page4Grid1[Y4_X3],Page4Grid1[Y4_X4],Page4Grid1[Y4_X5],Page4Grid1[Y5_X1],Page4Grid1[Y5_X2],Page4Grid1[Y5_X3],Page4Grid1[Y5_X4],Page4Grid1[Y5_X5],Page4Grid2[Y1_X1],Page4Grid2[Y1_X2],Page4Grid2[Y1_X3],Page4Grid2[Y1_X4],Page4Grid2[Y1_X5],Page4Grid2[Y2_X1],Page4Grid2[Y2_X2],Page4Grid2[Y2_X3],Page4Grid2[Y2_X4],Page4Grid2[Y2_X5],Page4Grid2[Y3_X1],Page4Grid2[Y3_X2],Page4Grid2[Y3_X3],Page4Grid2[Y3_X4],Page4Grid2[Y3_X5],Page4Grid2[Y4_X1],Page4Grid2[Y4_X2],Page4Grid2[Y4_X3],Page4Grid2[Y4_X4],Page4Grid2[Y4_X5],Page4Grid2[Y5_X1],Page4Grid2[Y5_X2],Page4Grid2[Y5_X3],Page4Grid2[Y5_X4],Page4Grid2[Y5_X5],Page4Grid3[Y1_X1],Page4Grid3[Y1_X2],Page4Grid3[Y1_X3],Page4Grid3[Y1_X4],Page4Grid3[Y1_X5],Page4Grid3[Y2_X1],Page4Grid3[Y2_X2],Page4Grid3[Y2_X3],Page4Grid3[Y2_X4],Page4Grid3[Y2_X5],Page4Grid3[Y3_X1],Page4Grid3[Y3_X2],Page4Grid3[Y3_X3],Page4Grid3[Y3_X4],Page4Grid3[Y3_X5],Page4Grid3[Y4_X1],Page4Grid3[Y4_X2],Page4Grid3[Y4_X3],Page4Grid3[Y4_X4],Page4Grid3[Y4_X5],Page4Grid3[Y5_X1],Page4Grid3[Y5_X2],Page4Grid3[Y5_X3],Page4Grid3[Y5_X4],Page4Grid3[Y5_X5],Page4Grid4[Y1_X1],Page4Grid4[Y1_X2],Page4Grid4[Y1_X3],Page4Grid4[Y1_X4],Page4Grid4[Y1_X5],Page4Grid4[Y2_X1],Page4Grid4[Y2_X2],Page4Grid4[Y2_X3],Page4Grid4[Y2_X4],Page4Grid4[Y2_X5],Page4Grid4[Y3_X1],Page4Grid4[Y3_X2],Page4Grid4[Y3_X3],Page4Grid4[Y3_X4],Page4Grid4[Y3_X5],Page4Grid4[Y4_X1],Page4Grid4[Y4_X2],Page4Grid4[Y4_X3],Page4Grid4[Y4_X4],Page4Grid4[Y4_X5],Page4Grid4[Y5_X1],Page4Grid4[Y5_X2],Page4Grid4[Y5_X3],Page4Grid4[Y5_X4],Page4Grid4[Y5_X5],Page4Grid5[Y1_X1],Page4Grid5[Y1_X2],Page4Grid5[Y1_X3],Page4Grid5[Y1_X4],Page4Grid5[Y1_X5],Page4Grid5[Y2_X1],Page4Grid5[Y2_X2],Page4Grid5[Y2_X3],Page4Grid5[Y2_X4],Page4Grid5[Y2_X5],Page4Grid5[Y3_X1],Page4Grid5[Y3_X2],Page4Grid5[Y3_X3],Page4Grid5[Y3_X4],Page4Grid5[Y3_X5],Page4Grid5[Y4_X1],Page4Grid5[Y4_X2],Page4Grid5[Y4_X3],Page4Grid5[Y4_X4],Page4Grid5[Y4_X5],Page4Grid5[Y5_X1],Page4Grid5[Y5_X2],Page4Grid5[Y5_X3],Page4Grid5[Y5_X4],Page4Grid5[Y5_X5],Page4Grid6[Y1_X1],Page4Grid6[Y1_X2],Page4Grid6[Y1_X3],Page4Grid6[Y1_X4],Page4Grid6[Y1_X5],Page4Grid6[Y2_X1],Page4Grid6[Y2_X2],Page4Grid6[Y2_X3],Page4Grid6[Y2_X4],Page4Grid6[Y2_X5],Page4Grid6[Y3_X1],Page4Grid6[Y3_X2],Page4Grid6[Y3_X3],Page4Grid6[Y3_X4],Page4Grid6[Y3_X5],Page4Grid6[Y4_X1],Page4Grid6[Y4_X2],Page4Grid6[Y4_X3],Page4Grid6[Y4_X4],Page4Grid6[Y4_X5],Page4Grid6[Y5_X1],Page4Grid6[Y5_X2],Page4Grid6[Y5_X3],Page4Grid6[Y5_X4],Page4Grid6[Y5_X5],Page4Grid7[Y1_X1],Page4Grid7[Y1_X2],Page4Grid7[Y1_X3],Page4Grid7[Y1_X4],Page4Grid7[Y1_X5],Page4Grid7[Y2_X1],Page4Grid7[Y2_X2],Page4Grid7[Y2_X3],Page4Grid7[Y2_X4],Page4Grid7[Y2_X5],Page4Grid7[Y3_X1],Page4Grid7[Y3_X2],Page4Grid7[Y3_X3],Page4Grid7[Y3_X4],Page4Grid7[Y3_X5],Page4Grid7[Y4_X1],Page4Grid7[Y4_X2],Page4Grid7[Y4_X3],Page4Grid7[Y4_X4],Page4Grid7[Y4_X5],Page4Grid7[Y5_X1],Page4Grid7[Y5_X2],Page4Grid7[Y5_X3],Page4Grid7[Y5_X4],Page4Grid7[Y5_X5],Page4Grid8[Y1_X1],Page4Grid8[Y1_X2],Page4Grid8[Y1_X3],Page4Grid8[Y1_X4],Page4Grid8[Y1_X5],Page4Grid8[Y2_X1],Page4Grid8[Y2_X2],Page4Grid8[Y2_X3],Page4Grid8[Y2_X4],Page4Grid8[Y2_X5],Page4Grid8[Y3_X1],Page4Grid8[Y3_X2],Page4Grid8[Y3_X3],Page4Grid8[Y3_X4],Page4Grid8[Y3_X5],Page4Grid8[Y4_X1],Page4Grid8[Y4_X2],Page4Grid8[Y4_X3],Page4Grid8[Y4_X4],Page4Grid8[Y4_X5],Page4Grid8[Y5_X1],Page4Grid8[Y5_X2],Page4Grid8[Y5_X3],Page4Grid8[Y5_X4],Page4Grid8[Y5_X5],Page4Grid9[Y1_X1],Page4Grid9[Y1_X2],Page4Grid9[Y1_X3],Page4Grid9[Y1_X4],Page4Grid9[Y1_X5],Page4Grid9[Y2_X1],Page4Grid9[Y2_X2],Page4Grid9[Y2_X3],Page4Grid9[Y2_X4],Page4Grid9[Y2_X5],Page4Grid9[Y3_X1],Page4Grid9[Y3_X2],Page4Grid9[Y3_X3],Page4Grid9[Y3_X4],Page4Grid9[Y3_X5],Page4Grid9[Y4_X1],Page4Grid9[Y4_X2],Page4Grid9[Y4_X3],Page4Grid9[Y4_X4],Page4Grid9[Y4_X5],Page4Grid9[Y5_X1],Page4Grid9[Y5_X2],Page4Grid9[Y5_X3],Page4Grid9[Y5_X4],Page4Grid9[Y5_X5],SkipNoticePage4,InstructionsPage5,Page5Grid1[Y1_X1],Page5Grid1[Y1_X2],Page5Grid1[Y1_X3],Page5Grid1[Y1_X4],Page5Grid1[Y1_X5],Page5Grid1[Y2_X1],Page5Grid1[Y2_X2],Page5Grid1[Y2_X3],Page5Grid1[Y2_X4],Page5Grid1[Y2_X5],Page5Grid1[Y3_X1],Page5Grid1[Y3_X2],Page5Grid1[Y3_X3],Page5Grid1[Y3_X4],Page5Grid1[Y3_X5],Page5Grid1[Y4_X1],Page5Grid1[Y4_X2],Page5Grid1[Y4_X3],Page5Grid1[Y4_X4],Page5Grid1[Y4_X5],Page5Grid1[Y5_X1],Page5Grid1[Y5_X2],Page5Grid1[Y5_X3],Page5Grid1[Y5_X4],Page5Grid1[Y5_X5],Page5Grid2[Y1_X1],Page5Grid2[Y1_X2],Page5Grid2[Y1_X3],Page5Grid2[Y1_X4],Page5Grid2[Y1_X5],Page5Grid2[Y2_X1],Page5Grid2[Y2_X2],Page5Grid2[Y2_X3],Page5Grid2[Y2_X4],Page5Grid2[Y2_X5],Page5Grid2[Y3_X1],Page5Grid2[Y3_X2],Page5Grid2[Y3_X3],Page5Grid2[Y3_X4],Page5Grid2[Y3_X5],Page5Grid2[Y4_X1],Page5Grid2[Y4_X2],Page5Grid2[Y4_X3],Page5Grid2[Y4_X4],Page5Grid2[Y4_X5],Page5Grid2[Y5_X1],Page5Grid2[Y5_X2],Page5Grid2[Y5_X3],Page5Grid2[Y5_X4],Page5Grid2[Y5_X5],Page5Grid3[Y1_X1],Page5Grid3[Y1_X2],Page5Grid3[Y1_X3],Page5Grid3[Y1_X4],Page5Grid3[Y1_X5],Page5Grid3[Y2_X1],Page5Grid3[Y2_X2],Page5Grid3[Y2_X3],Page5Grid3[Y2_X4],Page5Grid3[Y2_X5],Page5Grid3[Y3_X1],Page5Grid3[Y3_X2],Page5Grid3[Y3_X3],Page5Grid3[Y3_X4],Page5Grid3[Y3_X5],Page5Grid3[Y4_X1],Page5Grid3[Y4_X2],Page5Grid3[Y4_X3],Page5Grid3[Y4_X4],Page5Grid3[Y4_X5],Page5Grid3[Y5_X1],Page5Grid3[Y5_X2],Page5Grid3[Y5_X3],Page5Grid3[Y5_X4],Page5Grid3[Y5_X5],SkipNoticePage5,InstructionsPage6,Page6MC1,Page6MC2,Page6MC3,Page6FR,interviewtime,groupTime18654,ConsentTextTime,LabelConsentTime,ConsentUnderstoodTime,ConsentParticipateTime,LabelScreeningTime,ScreeningAgeTime,ScreeningEnrolledTime,groupTime18655,LikertTypePage1Time,SkipNoticePage1Time,groupTime18656,GridInstructPage1Time,Page2Grid1Time,Page2Grid2Time,Page2Grid3Time,Page2Grid4Time,Page2Grid5Time,Page2Grid6Time,Page2Grid7Time,Page2Grid8Time,Page2Grid9Time,Page2Grid10Time,SkipNoticePage2Time,groupTime18657,LikertTypePage3Time,SkipNoticePage3Time,groupTime18659,GridInstructPage4Time,Page4Grid1Time,Page4Grid2Time,Page4Grid3Time,Page4Grid4Time,Page4Grid5Time,Page4Grid6Time,Page4Grid7Time,Page4Grid8Time,Page4Grid9Time,SkipNoticePage4Time,groupTime18660,InstructionsPage5Time,Page5Grid1Time,Page5Grid2Time,Page5Grid3Time,SkipNoticePage5Time,groupTime18661,InstructionsPage6Time,Page6MC1Time,Page6MC2Time,Page6MC3Time,Page6FRTime
8,1980-01-01 00:00,7,en,,,,A1,A1,,A1,A1,D1,A4,D1,D4,D4,D4,A4,D4,D4,,,,,,,,,,,,,,,,,,,,,,,,,,,1,,,,,,,,,1,,,,,,,,,,,,,,,,,,,,,,,,,,,,,,,,,,,,,,,,,1,,,,,,,,,,,,,,,,,,,,,,,,1,,,,,,,,,,,,,,,,,,,,,,,,,,1,,1,,,,,,,,,,,,,,,,,,,,,,,,,,,,,,,,,,,,,,,,,,,,,,,,1,,,,,,,,,,,,,,,,,,,,,,,,,1,1,,,,,,,,,,,,,,,,,,,,,,,,,,,,,,,,,,,,,,,,,,,,,,1,,,,,D3,D4,D4,D4,D4,A3,D4,D4,A4,D4,,,,,,,,,,,,,,,1,,,,,,,,,,,,,1,,,,,,,,,,,,,,,,,,,,,,,,,,,,,,,,,,,,,,,,,,,,1,,,,,,,,,,,,,,,,,,,,,,,,,,,,,,1,,,,,,,,,,,,,,,,,,,,,,,,,1,,,,,,,,,,,,,,,,,,,,,,,,,1,,,,,,,1,,,,,,,,,,,,,,,,,,,,,,,,,,,,,,,,,,,,,,,,,,,1,,,,,,,,,,,,,,,,,,,,,,,,,1,,,,,,,,,,,,,,,,,,,,,,,,,,,1,,,,,1,,,,,,,,,,,,,,,,,,,,,,,,,1,,,,,,,,,,,,,,,,,,,,,,,B,B,A,,1090.75,86.19,,,,,,,,150.74,,,401.77,,,,,,,,,,,,,55.73,,,201.13,,,,,,,,,,,,66.36,,,,,,128.83,,,,,
9,,3,en,,,,A1,A1,,A1,A1,A3,N0,A1,D1,N0,A2,D2,A1,N0,,,,,,,,,,,,,,,1,,,,,,,,,,,,,,,,,,,,,,,,,1,,,,,,,,,,,,,,,,,,,,,,,,,1,,,,,,,,,,,,,,,,,,,,,,,,,,,,,,,,,,,,,1,,,,,,,1,,,,,,,,,,,,,,,,,,,,,,,1,,,,,,,,,,,,,,,,,,,,,,,,,1,,,,,,,,,,,,,,,,,,,,,,,,,,,,,,1,,,,,,,,,,,,,,,,,,,,1,,,,,,,,,,,,,,,,,,,,,,,,,,,,,,,,,1,,,,,,,,,,,,,,,,,,,,,,,,,,,,,,,,,,,,,,,,,,,,,,,,,,,,,,,,,,,,,,,,,,,,,,,,,,,,,,,,,,,,,,,,,,,,,,,,,,,,,,,,,,,,,,,,,,,,,,,,,,,,,,,,,,,,,,,,,,,,,,,,,,,,,,,,,,,,,,,,,,,,,,,,,,,,,,,,,,,,,,,,,,,,,,,,,,,,,,,,,,,,,,,,,,,,,,,,,,,,,,,,,,,,,,,,,,,,,,,,,,,,,,,,,,,,,,,,,,,,,,,,,,,,,,,,,,,,,,,,,,,,,,,,,,,,,,,,,,,,,,,,,,,,,,,,,,,,,,,,,,,,,,,,,,,,,,227.97,23.95,,,,,,,,80,,,124.02,,,,,,,,,,,,,,,,,,,,,,,,,,,,,,,,,,,,,,,
12,1980-01-01 00:00,7,en,,,,A1,A1,,A1,A1,D4,A1,D1,N0,A2,A1,N0,D2,D1,,,,,,,,,,,,,,,1,,,,,,,,,,,,,,,,,,,,,,,,,,,,,,,,,,,,,1,,,,,,,,1,,,,,,,,,,,,,,,,,,,,,,,1,,,,,,,,,,,,,,,,,,,,,,,,,,,,,,,1,,,,,,,,,,,,,,,,,,,,,,,,,,,,,,,,,,,,,,1,,,,,,,1,,,,,,,,,,,,,,,,,,,,,,,,,,1,,,,,,,,,,,,,,,,,,,,,,,,,,,,,,,,,,,,1,,,,,,,,,,,,,,,,,,,,,1,,,,,,,,,,,,A1,D1,N0,A1,D2,D3,A1,A1,A2,A2,,,,,,,,,,,,,,,,,,,,,,,,,,1,,,,,,,,,,,,,,,1,,,,,,,,,,,,,,,,,,,1,,,,,,,,,,,,,,,,,,,,,,,,,,,,,,,,,,,,,,,,1,,,,,,,,,,,,,,,,,,,,,,,,,,,1,,,,,,,,,,,,,1,,,,,,,,,,,,,,,,,,,,,,,,,,,,,,,,,,,1,,,,,,,,,,,,,,,,,,,,,,,,,1,,,,,,,,,,,,,,,,,,,,,,,1,,,,,,,,,,,,,,,,,,,,,,,,,,,1,,,,,,,,,,,,,1,,,,,,,,,,,,,,,,,,,,,,,,,,,,,,,,,,,,,1,,,,,,,B,B,C,,660.26,93.97,,,,,,,,56.22,,,188.51,,,,,,,,,,,,,71.74,,,174.08,,,,,,,,,,,,41.51,,,,,,34.23,,,,,
14,1980-01-01 00:00,7,en,,,,A1,A1,,A1,A1,A3,D1,A3,A1,A3,A3,D1,A2,A2,,,,,,,,,,,,,,,,,,,,,1,,,,,,,,,,,,,,,,,,,1,,,,,,,,,,,,,,,,,,,,,,,,,,,,,,1,,,,,,,,,,,,,,,,,,1,,,,,,,,,,,,,,,,,,,,,,,,,,,1,,,,,,,,,,,,,,,,,,,,,,,,,,,,,,,,,1,,,,,,,,,,,,,,,,,1,,,,,,,,,,,,,,,,,,,,,,,,,,,,,1,,,,,,,,,,,,,,,,,,,,,,,,,,,,,1,,,,,,,,,,,,,,,,,,,,,,1,,,,,,,,,A1,D1,A1,A1,A1,D1,A1,A1,D1,A1,,,,,,,,,,,,,,,,,,,,,1,,,,,,,,,,,,,,,,,,,,,,,1,,,,,,,,,,,,,,,,,,,,,,,,,,,,,,,,,1,,,,,,,,,,,,,,,,,,,1,,,,,,,,,,,,,,,,,,,,,,,,,1,,,,,,,,,,,,,,,,,,,,,,,,,1,,,,,,,,,,,,,,,,,,,,,,,,,,,1,,,,,,,,,,,,,,,,,,,,,,,,,,,,,1,,,,,,,,,,,,,,,,,,,1,,,,,,,,,,,,,,,,,,,,,,,,,,,,,1,,,,,,,,,,,,,,,,,1,,,,,,,,,,,,,,,,,,,,,,,,,,1,,,,,,,,,,,,,,C,D,C,,406.66,27.73,,,,,,,,54.71,,,144.56,,,,,,,,,,,,,41.78,,,71.77,,,,,,,,,,,,39.26,,,,,,26.85,,,,,
15,1980-01-01 00:00,7,en,,,,A1,A1,,A1,A1,A1,A1,A3,A1,A1,A3,D1,A1,A2,,,,,,,,,,,,,,,,,,,,1,,,,,,,,,,,,,,,,,,,,,,,,,,,,,,,1,,,,,,,,,,,,,,,1,,,,,,,,,,,,,,,,1,,,,,,,,,,,,,,,,,,,,,,,,1,,,,,,,,,,,,,,,,,,,,,,,,,,,,,,,,,,,,,,,,,,,,,1,,,,1,,,,,,,,,,,,,,,,,,,,,,,,,,,,,,,,,,,1,,,,,,,,,,,,,,,,,,,,,,,,,1,,,,,,,,,,,,,,,,,,,,,,,,,,,,,,,,,,,,1,,,A1,A3,A1,A2,N0,D3,A2,A1,D1,A3,,,,,1,,,,,,,,,,,,,,,,,,,,,,,,,,,,,,,,,,,,,,,1,,,,,,,,,,,,1,,,,,,,,,,,,,,,,,,,,,,,,,,,,,,,,,,1,,,,,,,,,,,,,,,,,,,,,1,,,,,,,,,,,,,,,,,,,,1,,,,,,,,,,,,,,,,,,,,,,,,,,,,,,1,,,,,,,,,,,,,,,,,,,,,,,,,,,,,,1,,,,,,,,,,,,,,,,,,,,,,,,,1,,,,,,,,,,,,,,,,,,,,,,,,,,,,,,,,,,,1,,,,,,,,,,,,1,,,,,,,,,,,,,,,,,,,,,,,,,1,,,,,,,,,,,,,,,,,,,B,B,A,,4654.11,72.33,,,,,,,,40.4,,,199.62,,,,,,,,,,,,,4108.52,,,141.48,,,,,,,,,,,,63.17,,,,,,28.59,,,,,
16,,2,en,,,,A1,A1,,A1,A1,A1,D4,A4,A1,A4,D1,D4,A1,A1,,,,,,,,,,,,,,,,,,,,,,,,,,,,,,,,,,,,,,,,,,,,,,,,,,,,,,,,,,,,,,,,,,,,,,,,,,,,,,,,,,,,,,,,,,,,,,,,,,,,,,,,,,,,,,,,,,,,,,,,,,,,,,,,,,,,,,,,,,,,,,,,,,,,,,,,,,,,,,,,,,,,,,,,,,,,,,,,,,,,,,,,,,,,,,,,,,,,,,,,,,,,,,,,,,,,,,,,,,,,,,,,,,,,,,,,,,,,,,,,,,,,,,,,,,,,,,,,,,,,,,,,,,,,,,,,,,,,,,,,,,,,,,,,,,,,,,,,,,,,,,,,,,,,,,,,,,,,,,,,,,,,,,,,,,,,,,,,,,,,,,,,,,,,,,,,,,,,,,,,,,,,,,,,,,,,,,,,,,,,,,,,,,,,,,,,,,,,,,,,,,,,,,,,,,,,,,,,,,,,,,,,,,,,,,,,,,,,,,,,,,,,,,,,,,,,,,,,,,,,,,,,,,,,,,,,,,,,,,,,,,,,,,,,,,,,,,,,,,,,,,,,,,,,,,,,,,,,,,,,,,,,,,,,,,,,,,,,,,,,,,,,,,,,,,,,,,,,,,,,,,,,,,,,,,,,,,60.47,16.2,,,,,,,,44.27,,,,,,,,,,,,,,,,,,,,,,,,,,,,,,,,,,,,,,,,,,
19,1980-01-01 00:00,7,en,,,,A1,A1,,A1,A1,A1,N0,A1,N0,A1,D1,N0,D1,A1,,,,,,,,,,1,,,,,,,,,,,,,,,,,,,1,,,,,,,,,,,,,,,,,,,,,,,,,,1,,,,,,,,,,,,,,,,,,,,,,,,1,,,,,,,,,,,,,,,,,,,,,,,,,,,,,,1,,,,,,,,,,,,,,,,,,,,,,,,,,,,,,,,,,,,,1,,,,,,,,1,,,,,,,,,,,,,,,,,,,,,,,,,,1,,,,,,,,,,,,,,,,,,,,,,,,,,,,,1,,,,,,,,,,,,,,,,,,,,,,,,,1,,,,,,,,,,,,,,,,,,,,A1,A1,A2,A1,A1,D4,A1,A1,N0,A1,,,,,1,,,,,,,,,,,,,,,,,,,,,,,,1,,,,,,,,,,,,,,,,,,,,,,,,,1,,,,,,,,,,,,,,,,,,,,,,,,,1,,,,,,,,,,,,,,,,,,,,,,,,,1,,,,,,,,,,,,,,,,,,,,,,,,,,,,,,1,,,,,,,,,,,,,,,,,,,,,,,,,,1,,,,,,,,,,,,,,,,,,,1,,,,,,,,,,,,,,,,,,,,,,,,,,,,,,,,,,,,,,,,,,,,,,,,,,,,,,,,,,,1,,,,,,,,,,,,,,,,,,,,,,,,,,,,,1,,,,,,,,,,,,,,1,,,,,,,,,,,,,,,,,,,,,,,,,,C,C,C,,478.69,52.47,,,,,,,,48.87,,,177.32,,,,,,,,,,,,,46.04,,,72.11,,,,,,,,,,,,59.36,,,,,,22.52,,,,,
20,,4,en,,,,A1,A1,,A1,A1,D2,N0,A2,D3,A1,D4,D2,N0,D3,,,,,,,,,,,,,,,,,,,,,,,,,,1,,,,,,,,,,,,,,,,,,,,,,,1,,,,,,,,,,,,,,,,,,,,,,1,,,,,,,,,,,,,,,,,,,,,,,,,,,,,,,1,,,,,,,,,,,,,,,,,,,1,,,,,,,,,,,,,,,,,,,1,,,,,,,,,,,,,,,,,,,,,,,,,,,,,,,1,,,,,,,,,,,,,,,,,,,,,,,,,1,,,,,,,,,,,,,,,,,,,1,,,,,,,,,,,,,,,,,,,,,,,,,,,,,,,1,,,,,,,,D3,D3,D3,D3,D3,D1,D2,D3,D2,D4,,,,,,,,,,,,,,,,,,,,,,,,,,,,,,,,,,,,,,,,,,,,,,,,,,,,,,,,,,,,,,,,,,,,,,,,,,,,,,,,,,,,,,,,,,,,,,,,,,,,,,,,,,,,,,,,,,,,,,,,,,,,,,,,,,,,,,,,,,,,,,,,,,,,,,,,,,,,,,,,,,,,,,,,,,,,,,,,,,,,,,,,,,,,,,,,,,,,,,,,,,,,,,,,,,,,,,,,,,,,,,,,,,,,,,,,,,,,,,,,,,,,,,,,,,,,,,,,,,,,,,,,,,,,,,,,,,,,,,,,,,,,,,,,,,,,,,,,,,,,,,,,,,,,,,,320.5,33.06,,,,,,,,46.79,,,194.99,,,,,,,,,,,,,45.66,,,,,,,,,,,,,,,,,,,,,,,,,,
23,1980-01-01 00:00,7,en,,,,A1,A1,,A1,A1,A2,A1,N0,A1,N0,N0,N0,N0,N0,,,,,,,,,,,,,,,1,,,,,,,,,,,,,,,,,,,,,,,,,,,,,,1,,,,,,,,,,,,,,,,,,,,1,,,,,,,,,,,,,1,,,,,,,,,,,,,,,,,,,,,,,,,,,,,,,1,,,,,,,,,,,,,,,,,,,,,,,,,,,,,,,,,,,,1,,,,,,,,,,,,,,,,,,,1,,,,,,,,,,,,,,,,,,,,1,,,,,,,,,,,,,,,,,,,,,,,,,1,,,,,,,,,,,,,,,,,,,,,,,,,,,,,,1,,,,,,,,,,,,,,,A2,N0,A1,N0,A1,N0,A2,N0,A1,A1,,,,,,,,,,,,,,,1,,,,,,,,,,,,,,,,,,,,,,,,,1,,,,,,,,,,,,,,,,,,1,,,,,,,,,,,,,,,,,,,,,,,,,,1,,,,,,,,,,,,,,,,,,,,,,,,,1,,,,,,,,,,,,,,,,,,,,,,,,,1,,,,,,,,,,,,,,,,,,,,,,,,,1,,,,,,,,,,,,,,,,,,,,,,,,,1,,,,,,,,,,,,,,,,,,,,,,,,,1,,,,,,,,,,,,,,,,,,,,,1,,,,,,,,,,,,,,,,,,,,,,,,,,,,,1,,,,,,,,,,,,,,,,,,,,,,,,,1,,,,,,,,,,,,,,,,,,,,,,,A,A,A,,803.15,58.12,,,,,,,,68.11,,,407.81,,,,,,,,,,,,,54.85,,,125.72,,,,,,,,,,,,49.18,,,,,,39.36,,,,,
24,1980-01-01 00:00,7,en,,,,A1,A1,,A1,A1,D4,D4,D3,A1,D1,D2,A3,D4,N0,,,,,,,,,,,,,,,,,,,,,,,1,,,,,,,,,,,,,,,,,,,1,,,,,,,,,,,,,,,,,,,,,,,,,,,,,,,1,,,,,,,,,,,,,,,,,,,,,,,,,1,,,,,,,,,,1,,,,,,,,,,,,,,,,,,,,,,,,,,,,,,,1,,,,,,,,,,,,,,,,,,,,,,,,,,,,,,,1,,,,,,,,,,,,,,,,,,,,,,,,,,,,1,,,,,1,,,,,,,,,,,,,,,,,,,,,,,,,,,,,,,,,1,,,,,,,,,,,,,,,,,,D4,A1,D4,D3,D1,N0,N0,D4,A4,N0,,,,,,,,,,,,,,,,,,,,,,,1,,,,,1,,,,,,,,,,,,,,,,,,,,,,,,,1,,,,,,,,,,,,,,,,,,,,,,,,,,,,,,,,,,,,,,,,,,,,,1,,,,,,,,,,,,,,,,,,,,1,,,,,,,,,,,,,,,,,,,,,,,,,,,,,,1,,,,,,,,,1,,,,,,,,,,,,,,,,,,,,,,,,,,,,,,,,,,,,,,,,,1,,,,,1,,,,,,,,,,,,,,,,,,,,,,,,,,,,,1,,,,,,,,,,,,,,,,,,,,,,,,,,,1,,,,,,,,,,,,,,,,,,,,,,,,,1,,,,,,,,,,,,,,,,,,,,,,,A,A,A,,950.35,105.93,,,,,,,,123.18,,,362.62,,,,,,,,,,,,,74.82,,,137.06,,,,,,,,,,,,90.45,,,,,,56.29,,,,,
25,,2,en,,,,A1,A1,,A1,A1,D1,N0,A2,D3,D1,D2,N0,A1,D2,,,,,,,,,,,,,,,,,,,,,,,,,,,,,,,,,,,,,,,,,,,,,,,,,,,,,,,,,,,,,,,,,,,,,,,,,,,,,,,,,,,,,,,,,,,,,,,,,,,,,,,,,,,,,,,,,,,,,,,,,,,,,,,,,,,,,,,,,,,,,,,,,,,,,,,,,,,,,,,,,,,,,,,,,,,,,,,,,,,,,,,,,,,,,,,,,,,,,,,,,,,,,,,,,,,,,,,,,,,,,,,,,,,,,,,,,,,,,,,,,,,,,,,,,,,,,,,,,,,,,,,,,,,,,,,,,,,,,,,,,,,,,,,,,,,,,,,,,,,,,,,,,,,,,,,,,,,,,,,,,,,,,,,,,,,,,,,,,,,,,,,,,,,,,,,,,,,,,,,,,,,,,,,,,,,,,,,,,,,,,,,,,,,,,,,,,,,,,,,,,,,,,,,,,,,,,,,,,,,,,,,,,,,,,,,,,,,,,,,,,,,,,,,,,,,,,,,,,,,,,,,,,,,,,,,,,,,,,,,,,,,,,,,,,,,,,,,,,,,,,,,,,,,,,,,,,,,,,,,,,,,,,,,,,,,,,,,,,,,,,,,,,,,,,,,,,,,,,,,,,,,,,,,,,,,,,,93.48,35.81,,,,,,,,57.67,,,,,,,,,,,,,,,,,,,,,,,,,,,,,,,,,,,,,,,,,,
26,,3,en,,,,A1,A1,,A1,A1,D4,A1,A2,D4,D4,D4,A1,D4,D4,,,1,,,,,,,,,,,,,,,,,,,,,,,,,,1,,,,,,,,,,,,,,,,,,,,,,,,,1,,,,,,,,,,,,,,,,,,,,,,,,,,,,,,,,,,,,,,,1,,,,,,,,,,1,,,,,,,,,,,,,,,,,,,,,,,,,,1,,,,,,,,,,,,,,,,,,,,,,,,,,,,,,,,,,,,,,,,,,,,,,,,,1,,,,,,,,,,,,,,,,,,,,,,,,,,1,,,,,,,,,,,,,,,,,,,,,,,,,,,,,,,,,,,,,,,,,,,,,,,,,,,,,,,,,,,,,,,,,,,,,,,,,,,,,,,,,,,,,,,,,,,,,,,,,,,,,,,,,,,,,,,,,,,,,,,,,,,,,,,,,,,,,,,,,,,,,,,,,,,,,,,,,,,,,,,,,,,,,,,,,,,,,,,,,,,,,,,,,,,,,,,,,,,,,,,,,,,,,,,,,,,,,,,,,,,,,,,,,,,,,,,,,,,,,,,,,,,,,,,,,,,,,,,,,,,,,,,,,,,,,,,,,,,,,,,,,,,,,,,,,,,,,,,,,,,,,,,,,,,,,,,,,,,,,,,,,,,,,,,,,,,,,,,,,,,,,,,,,,,,,,,,,,,,,,,,,,,,,,,,,,306.35,18.29,,,,,,,,67.53,,,220.53,,,,,,,,,,,,,,,,,,,,,,,,,,,,,,,,,,,,,,,
27,1980-01-01 00:00,7,en,,,,A1,A1,,A1,A1,D3,A2,A2,D3,D3,D3,A2,D3,D3,,,,,,,,,,,,,,,,,,1,,,,,,,,,,,,,,,,1,,,,,,,,,,,,,,,,,,,,,,,,,,,,,,,,,,1,,,,,,,,,,,,,,,,,,,,,,,,,,1,,,,,,,,,,,,,,,,,,,,1,,,,,,,,,,,,,,,,,,,,1,,,,,,,,,,,,,,,,,,,,,,,,,,,,,,,,,,,1,,,,,,,,,,,,,,,,,,,,1,,,,,,,,,,,,,,,,,,,,,1,,,,,,,,,,,,,,,,,,,,,,,,,,,,,,,,,,1,,,,,,,,,,D3,D1,D3,D3,D1,A1,D3,D3,A2,D3,,,,,,,,,,,,,,,,,,,1,,,,,,,,,,,,,,,,1,,,,,,,,,,,,,,,,,,,,,,,,,,1,,,,,,,,,,,,,,,,,,,,,,,,,,,,1,,,,,,,,,,,,,,,,,,,,,,,,,1,,,,,,,,,,,,,,,,,,,,,,,,,,,,,1,,,,,,,,,,,,,,,,1,,,,,,,,,,,,,,,,,,,,,,,,,,,,,,1,,,,,,,,,,,,,,,,,,,,,,,,,,,,,,1,,,,,,,,,,,,,,,,,,,,,,,,,,,1,,,,,,,,,,,,,,,,,,,,,1,,,,,,,,,,,,,,,,,,,,,1,,,,,,,,,,,,,,,,,,,A,A,A,,674.15,96.53,,,,,,,,85.08,,,228.54,,,,,,,,,,,,,65.73,,,100.77,,,,,,,,,,,,45.73,,,,,,51.77,,,,,
28,1980-01-01 00:00,7,en,,,,A1,A1,,A1,A1,D4,A4,A2,D3,D3,D4,A2,D3,D3,,,,,,,,,,,,,,,,,,,,,,,1,,,,,,,,,,,,,,,,,,,,1,,,,,,,,,,,,,,,,,,,,,,,,,,,,,,1,,,,,,,,,,,,,,,,,,,,,,,,,1,,,,,,,,,,,,,,,,,,,,,,,,,1,,,,,,,,1,,,,,,,,,,,,,,,,,,,,,,,,,,,,,,,,,,,,,,,,,,1,,,,,,,,,,,,,,,,,,,,,,,,,1,,,,,,,1,,,,,,,,,,,,,,,,,,,,,,,,,,,,,,,,,,,,,,,,,,,1,,,,,,D4,D4,D4,D4,D4,A2,D4,D4,A2,D4,,,,,,,,,,,,,,,,,,,,,,,1,,,,,,,,1,,,,,,,,,,,,,,,,,,,,,,,,,,,,,,,,,,,,,,,,,,,1,,,,,,,,,,,,,,,,,,,,,,,,1,,,,,,,,,,,,,,,,,,,,,,,,,,1,,,,,,,,,,,,,,,,,,,,,,,,1,,,,,,,1,,,,,,,,,,,,,,,,,,,,,,,,,,,,,,,,,,,,,,,,,,,1,,,,,,,,,,,,,,,,,,,,,,,,,1,,,,,,,,,,,,,,,,,,,,,,1,,,,,,,,,,,,,,,,,,,,,,,1,,,,,,,,,,,,,,,,,,,,,1,,,,,,,,,,,,,,,,,,A,A,A,,595.09,100.7,,,,,,,,58.25,,,192.39,,,,,,,,,,,,,39.79,,,97.37,,,,,,,,,,,,69.92,,,,,,36.67,,,,,
30,,2,en,,,,A1,A1,,A1,A1,A1,D2,N0,A1,A1,A4,D4,A2,A1,,,,,,,,,,,,,,,,,,,,,,,,,,,,,,,,,,,,,,,,,,,,,,,,,,,,,,,,,,,,,,,,,,,,,,,,,,,,,,,,,,,,,,,,,,,,,,,,,,,,,,,,,,,,,,,,,,,,,,,,,,,,,,,,,,,,,,,,,,,,,,,,,,,,,,,,,,,,,,,,,,,,,,,,,,,,,,,,,,,,,,,,,,,,,,,,,,,,,,,,,,,,,,,,,,,,,,,,,,,,,,,,,,,,,,,,,,,,,,,,,,,,,,,,,,,,,,,,,,,,,,,,,,,,,,,,,,,,,,,,,,,,,,,,,,,,,,,,,,,,,,,,,,,,,,,,,,,,,,,,,,,,,,,,,,,,,,,,,,,,,,,,,,,,,,,,,,,,,,,,,,,,,,,,,,,,,,,,,,,,,,,,,,,,,,,,,,,,,,,,,,,,,,,,,,,,,,,,,,,,,,,,,,,,,,,,,,,,,,,,,,,,,,,,,,,,,,,,,,,,,,,,,,,,,,,,,,,,,,,,,,,,,,,,,,,,,,,,,,,,,,,,,,,,,,,,,,,,,,,,,,,,,,,,,,,,,,,,,,,,,,,,,,,,,,,,,,,,,,,,,,,,,,,,,,,,,,150.54,41.38,,,,,,,,109.16,,,,,,,,,,,,,,,,,,,,,,,,,,,,,,,,,,,,,,,,,,
31,1980-01-01 00:00,7,en,,,,A1,A1,,A1,A1,D2,A3,A1,D1,D1,D4,A2,D3,D3,,,,,,,,,,,,,,,,,,,,,1,,,,,,,,,,,,,,,,,,,,,,,1,,,,,,,,,,,,,,,,,,,,,,,,,1,,,,,,,,,,,,,,,,,,,,,,,,,1,,,,,,,,,,,,,,,,,,,,,1,,,,,,,,,,,,,,,,,,,,,,,,,,,,,1,,,,,,,,,,,,,,,,,,,1,,,,,,,,,,,,,,,,,,,,,,,,,,,,,,,1,,,,,,,,,,,,,,,,,1,,,,,,,,,,,,,,,,,,,,,,,,,,,,,,,,,1,,,,,,,,,,D3,D1,D2,D3,D3,D2,D2,D3,A1,D3,,,,,,,,,,,,,,,,,,,1,,,,,,,,,,,,1,,,,,,,,,,,,,,,,,,,,,,,,,,,,,,,,,,1,,,,,,,,,,,,,,,,,,,,,,,,,,,,,1,,,,,,,,,,,,,,,,,,,1,,,,,,,,,,,,,,,,,,,,,,,,,,,,,,,,,,,1,,,,,,,,,,,,,,,,1,,,,,,,,,,,,,,,,,,,,,,,,,,,,,,1,,,,,,,,,,,,,,,,,,,,,,,,,1,,,,,,,,,,,,,,,,,,,,,,,,,,,,,,,1,,,,,,,,,,,,,,,,,,,,,1,,,,,,,,,,,,,,,,,,1,,,,,,,,,,,,,,,,,,B,A,B,,833.85,46.41,,,,,,,,90.68,,,250.73,,,,,,,,,,,,,55.98,,,109.69,,,,,,,,,,,,49.55,,,,,,230.81,,,,,
35,,3,en,,,,A1,A1,,A1,A1,D2,D1,A2,D1,N0,D4,D1,D2,A2,,,,,,,1,,,,,,,,,,,,,,,,,,,,,,,,,1,,,,,,,,,,,,,,,,,,,,,,,,1,,,,,,,,,,,,,,,,,,,,,,,,,1,,,,,,,,,,,,,,,,,,,,,,,,,,,,1,,,,,,,,,,,,,,,,,,,,,,,,,,,1,,,,,,,,,,,,,,,,,,,,,1,,,,,,,,,,,,,,,,,,,,,,,,,1,,,,,,,,,,,,,,,,,,,,,,,,,,,,,,,,,1,,,,,,,,,,,,,,,,,1,,,,,,,,,,,,,,,,,,,,,,,,,,,,,,,,,,,,,,,,,,,,,,,,,,,,,,,,,,,,,,,,,,,,,,,,,,,,,,,,,,,,,,,,,,,,,,,,,,,,,,,,,,,,,,,,,,,,,,,,,,,,,,,,,,,,,,,,,,,,,,,,,,,,,,,,,,,,,,,,,,,,,,,,,,,,,,,,,,,,,,,,,,,,,,,,,,,,,,,,,,,,,,,,,,,,,,,,,,,,,,,,,,,,,,,,,,,,,,,,,,,,,,,,,,,,,,,,,,,,,,,,,,,,,,,,,,,,,,,,,,,,,,,,,,,,,,,,,,,,,,,,,,,,,,,,,,,,,,,,,,,,,,,,,,,,,,,,,,,,,,483.82,47.59,,,,,,,,269.99,,,166.24,,,,,,,,,,,,,,,,,,,,,,,,,,,,,,,,,,,,,,,
36,1980-01-01 00:00,7,en,,,,A1,A1,,A1,A1,A2,A4,A1,A4,D3,N0,A2,A4,A4,,,,,,,,,,,1,,,,,,,,,,,,,,,,,,,,,,,,,,1,,,,,,,,,,,,,,,,,,,,,,,,,1,,,,,,,,,,,,,,,,,,,,,,,,,1,,,,,,,,,,,,,,,,,,,,,,,,,,,,,,1,,,,,,,,,,,1,,,,,,,,,,,,,,,,,,,,,,,,,,,,,,,,,,,,,,,1,,,,,,,,,,,,,1,,,,,,,,,,,,,,,,,,,,,,,,,,,,1,,,,,,,,,,,,,,,,,,,,,,,,1,,,,,,,,,,,,,,,,,,,,,,A4,A4,A3,A3,A3,D4,A3,D2,A1,A4,,,,,,,,,,1,,,,,,,,,,,,,,,,,,,,,,1,,,,,,,,,,,,,,,,,,,,,,,,,,,,1,,,,,,,,,,,,,,,,,,,,,,,,,,,,,,,,1,,,,,,,,,,,,,,,,,,1,,,,,,,,,,,,,,,,,,,,,,,,,,1,,,,,,,,,,,,,,,,,,,,,,,,,1,,,,,,,,,,,,,,,,,,,,,,,,,,1,,,,,,,,,,,,,,,,,,,,1,,,,,,,,,,,,,,,,,,,,,,,,,,,,,,,1,,,,,,,,,,,,,,,,,,,,,,,,1,,,,,,,,,,,,,,,,,,,,,1,,,,,,,,,,,,,,,,,,,,,,,,B,B,A,,825.55,96.95,,,,,,,,165.7,,,204.3,,,,,,,,,,,,,96.38,,,126.6,,,,,,,,,,,,73.4,,,,,,62.22,,,,,
37,1980-01-01 00:00,7,en,,,,A1,A1,,A1,A1,A3,D2,A4,A1,A4,A3,D4,D1,D1,,,,,,,,,,,,,,,,,,,,,,1,,,,,,,,1,,,,,,,,,,,,,,,,,,,,,,,,,1,,,,,,,,,,,,,,,,,,,,,,,,,,,,,,,,,,,,,,,,,,,1,,,,,,,,1,,,,,,,,,,,,,,,,,,,,,,,,,,,,,,,,,,,,,,,,,,1,,,,,,,,,,,,,,,,,,,,1,,,,,,,,,,,,,1,,,,,,,,,,,,,,,,,,,,,,,,,,,,,,,,,,,,,,,,,,1,,,,,,1,,,,,,,,,,,,,,,,,,,,,,,,,A1,A1,A1,D4,A1,D4,N0,A2,D3,N0,,,,,,1,,,,,,,,,,,,,,,,,,,,,,,,,,,,,,,,,,,,,,,,,,1,,,,,,,,,,,,,,,,,,,,,,,,,1,,,,,,,,1,,,,,,,,,,,,,,,,,,,,,,,,,,1,,,,,,,,,,,,,,,,,,,,,,,1,,,,,,,,,,,,,,,,,,,,,,,,,,,,,,,,,,,,,,,,,,,1,,,,,,,,1,,,,,,,,,,,,,,,,,,,,,,,,,1,,,,,,,,,,,,,,,,,,,,,,,,,,,,,,,,,,,,,,,,,,,,1,,,,,,,,1,,,,,,,,,,,,,,,,,,,,,,,,,,1,,,,,,,,,,,,,,,,,,,,,,,B,B,C,,364.8,23.6,,,,,,,,50.35,,,135.41,,,,,,,,,,,,,42,,,50.53,,,,,,,,,,,,32.41,,,,,,30.5,,,,,
39,,5,en,,,,A1,A1,,A1,A1,A1,N0,D1,A1,,A1,D1,D1,D2,,,,1,,,,,,,,,,,,,,,,,,,,,,,,,,1,,,,,,,,,,,,,,,,,,,,,,,,1,,,,,,,,,,,,,,,,,,,,,,,,,1,,,,,,,,,,,,,,,,,,,,,,,,,1,,,,,,,,,,,,,,,,,,,,,,,,1,,,,,,,,,,,,,,,,,,,,,,,,,,1,,,,,,,,,,,,,,,,,,,,,,,,,1,,,,,,,,,,,,,,,,,,,,,,,,,1,,,,,,,,,,,,,,,,,,,,,,,,,1,,,,,,,,,,,,,,,,,,,,,,,,,A1,A1,A1,A1,A1,D4,A1,A1,N0,A1,,,,,,,,,1,,,,,,,,,,,,,,,,,,,,,,1,,,,,,,,,,,,,,,,,,,,,,,,,1,,,,,,,,,,,,,,,,,,,,,,,,,,,,1,,,,,,,,,,,,,,,,,,,,,1,,,,,,,,,,,,,,,,,,,,,,,,,,,,,,1,,,,,,,,,,,,,,,,,,,1,,,,,,,,,,,,,,,,,,,,,,,,,,,,,,1,,,,,,,,,,,,,,,,,,,,,,,,,1,,,,,,,,,,,,,,,,,,,,,,,,,,,,,,,,,,,,,,,,,,,,,,,,,,,,,,,,,,,,,,,,,,,,,,,,,,,,,,,,,,,,,,,,,,,,,,,,,,,,,,436.82,23.52,,,,,,,,48.6,,,65.51,,,,,,,,,,,,,37.5,,,261.69,,,,,,,,,,,,,,,,,,,,,,,
40,1980-01-01 00:00,7,en,,,,A1,A1,,A1,A1,D4,A4,D2,D3,D4,D4,A4,D4,D4,,,,,,,,,,,,,,,,,,,,,,,1,,,,,,,1,,,,,,,,,,,,,,,,,,,,,,,,,,,,,,,,,,,,,,,,,,,1,,,,,,,,,,,,,,,,,,,,,,,,,1,,,,,,,,,,,,,,,,,,,,,,,,,1,,,,,,,,,1,,,,,,,,,,,,,,,,,,,,,,,,,,,,,,,,,,,,1,,,,,,,,,,,,,,,,,,,,,,,,,,,,,,1,,,,,,,,,1,,,,,,,,,,,,,,,,,,,,,,,,,,,,1,,,,,,,,,,,,,,,,,,,D4,D3,D4,D4,D4,A4,D3,D4,A4,D3,,,,,,,,,,,,,1,,,,,,,,,,,,,,,,,,,1,,,,,,,,,,,,,,,,,,,,,,,,,,,,,,,,,,,,,,,,,1,,,,,,,,,,,,,,,,,,,,,,,,,1,,,,,,,,,,,,,,,,,,,,,,,,,1,,,,,,,,,,,,,,,,,,,,,,,,,1,,,,,,,,,1,,,,,,,,,,,,,,,,,,,,,,,,,,,,,,,,,,,,,,,,,1,,,,,,,,,,,,,,,,,,,,,,,,,1,,,,,,,,,,,,,,,,,,,,,,,,,,,1,,,,,,,1,,,,,,,,,,,,,,,,,,,,,,,,,,,1,,,,,,,,,,,,,,,,,,,,,,,B,A,A,,834.29,33.69,,,,,,,,38.54,,,178.91,,,,,,,,,,,,,28.33,,,51.08,,,,,,,,,,,,45.98,,,,,,457.76,,,,,
42,1980-01-01 00:00,7,en,,,,A1,A1,,A1,A1,A1,A3,D3,A1,A1,N0,A2,N0,N0,,,,,,,,,,1,,,,,,,,,,,,,,,,,,,,,,,,,,1,,,,,,,,,,,,,,,,,,,,,,,,,,,,,,,,,,1,,,,,,,,,,,,,,,,,,,,,,,,1,,,,,,,,,,,,,,,,1,,,,,,,,,,,,,,,,,,,,,,,,,,,1,,,,,,,,,,,,,,,,,,,,,,,,,,,,1,,,,,,,,,,,,,,,,,,,,,1,,,,,,,,,,,,,,,,,,,,,,,,,,,,,,,,,,1,,,,,,,,,,,,,,,,1,,,,,,,,,,,,,,,,,,D1,N0,A1,D2,A1,A2,A1,D2,A1,A1,,,,,,,,,,,,,,,,1,,,,,,,,,,,,,,,,,,,,,1,,,,,,,,,,,,,,,,,,,,,,,1,,,,,,,,,,,,,,,,,,,,,,,,,,,,,,,1,,,,,,,,,,,,,,,,,,,,1,,,,,,,,,,,,,,,,,,,,,,,,,,,,,,,,,1,,,,,,,,,,,,,,,,,1,,,,,,,,,,,,,,,,,,,,,,,,,,,,,,,,,,1,,,,,,,,,,,,,,,1,,,,,,,,,,,,,,,,,,,,,,,,,,,,,,,,,,,,,1,,,,,,,,,,1,,,,,,,,,,,,,,,,,,,,,,,,,1,,,,,,,,,,,,,,,,,,,,,,,,,B,B,A,,1669.67,64.59,,,,,,,,751.44,,,296.7,,,,,,,,,,,,,97.44,,,187.48,,,,,,,,,,,,151.93,,,,,,120.09,,,,,
43,,2,en,,,,A1,A1,,A1,A1,D3,D2,A2,N0,A2,D2,D2,N0,N0,,,,,,,,,,,,,,,,,,,,,,,,,,,,,,,,,,,,,,,,,,,,,,,,,,,,,,,,,,,,,,,,,,,,,,,,,,,,,,,,,,,,,,,,,,,,,,,,,,,,,,,,,,,,,,,,,,,,,,,,,,,,,,,,,,,,,,,,,,,,,,,,,,,,,,,,,,,,,,,,,,,,,,,,,,,,,,,,,,,,,,,,,,,,,,,,,,,,,,,,,,,,,,,,,,,,,,,,,,,,,,,,,,,,,,,,,,,,,,,,,,,,,,,,,,,,,,,,,,,,,,,,,,,,,,,,,,,,,,,,,,,,,,,,,,,,,,,,,,,,,,,,,,,,,,,,,,,,,,,,,,,,,,,,,,,,,,,,,,,,,,,,,,,,,,,,,,,,,,,,,,,,,,,,,,,,,,,,,,,,,,,,,,,,,,,,,,,,,,,,,,,,,,,,,,,,,,,,,,,,,,,,,,,,,,,,,,,,,,,,,,,,,,,,,,,,,,,,,,,,,,,,,,,,,,,,,,,,,,,,,,,,,,,,,,,,,,,,,,,,,,,,,,,,,,,,,,,,,,,,,,,,,,,,,,,,,,,,,,,,,,,,,,,,,,,,,,,,,,,,,,,,,,,,,,,,,,197.32,57.75,,,,,,,,139.57,,,,,,,,,,,,,,,,,,,,,,,,,,,,,,,,,,,,,,,,,,
44,1980-01-01 00:00,7,en,,,,A1,A1,,A1,A1,D4,A3,A3,D3,D1,D4,A4,D3,D3,,,,,,,,,,,,,,,,,,,,,,,1,,,,,,,,,,,,,,,,,,,,1,,,,,,,,,,,,,,,,,,,,,,,,,,,,,,1,,,,,,,,,,,,,,,,,,,,,,,,,1,,,,,,,,,,,,,,,,,,,,,,,,,1,,,,,,,,,,,,,1,,,,,,,,,,,,,,,,,,,,,,,,,,,,,,,,,,,,,1,,,,,,,,,,,,,,,,,,,,,,,,,1,,,,,,,,,1,,,,,,,,,,,,,,,,,,,,,,,,,,,,,,,,,,,,,,,,,1,,,,,,D4,D4,D4,D4,D4,A3,D4,D4,A4,D4,,,,,,,,,,,,,,,,,,,,,,,1,,,,,,,,,,,,,,1,,,,,,,,,,,,,,,,,,,,,,,,,1,,,,,,,,,,,,,,,,,,,,,,,,,,,,,,,,,,,,1,,,,,,,,,,,,1,,,,,,,,,,,,,,,,,,,,,,,,,,,,,,,,,,,,,,1,,,,,,,,,,,,,,1,,,,,,,,,,,,,,,,,,,,,,,,,,,,,,,,,,,,1,,,,,,,,,,,,,,,,,,,,,,,,,1,,,,,,,,,,,,,,,,,,,1,,,,,,,,,,,,,,,,1,,,,,,,,,,,,,,,,,,,,,,,,,,1,,,,,,,,,,,,,,,,,,,,,,,A,A,A,,380.67,18.01,,,,,,,,43.5,,,147.89,,,,,,,,,,,,,30.27,,,71.38,,,,,,,,,,,,37.25,,,,,,32.37,,,,,
45,,4,en,,,,A1,A1,,A1,A1,A2,A1,A3,A3,D1,A2,D1,A1,A1,,,,,,,,,,1,,,,,,,,,,,,,,,,,,,,,1,,,,,,,,,,,,,,,,,,,,,,,,1,,,,,,,,,,,,,,,,,,,,,,,,,,,,,,,,,,1,,,,,,,,,,,,,,,,1,,,,,,,,,,,,,,,,,,,,,,,,,,,,,,,,,,,,,,,,,,,,,,,1,,,1,,,,,,,,,,,,,,,,,,,,,,,,,1,,,,,,,,,,,,,,,,,,,,,,,,,,,,,,1,,,,,,,,,,,,,,,,,,,,,1,,,,,,,,,,,,,,,,,,,,,,,A3,A3,A3,,A2,D4,A2,A2,D1,A3,,,,,,,,,,,,,,,,,,,,,,,,,,,,,,,,,,,,,,,,,,,,,,,,,,,,,,,,,,,,,,,,,,,,,,,,,,,,,,,,,,,,,,,,,,,,,,,,,,,,,,,,,,,,,,,,,,,,,,,,,,,,,,,,,,,,,,,,,,,,,,,,,,,,,,,,,,,,,,,,,,,,,,,,,,,,,,,,,,,,,,,,,,,,,,,,,,,,,,,,,,,,,,,,,,,,,,,,,,,,,,,,,,,,,,,,,,,,,,,,,,,,,,,,,,,,,,,,,,,,,,,,,,,,,,,,,,,,,,,,,,,,,,,,,,,,,,,,,,,,,,,,,,,,,,,604.63,82.18,,,,,,,,123.64,,,233.6,,,,,,,,,,,,,165.21,,,,,,,,,,,,,,,,,,,,,,,,,,
46,1980-01-01 00:00,7,en,,,,A1,A1,,A1,A1,A1,A2,A3,D1,A1,A2,A1,D2,D2,,,,,,,,,,1,,,,,,,,,,,,,,,,,,,,,,,,,,,,,,1,,,,,,,,,,,,,,,,,,,,,,,,,,,,,1,,,,,,,,,,,1,,,,,,,,,,,,,,,,,,,,,,,,,,,,,,,,,,,,,,,1,,,,,,,,,,,,,,,,,1,,,,,,,,,,,,,,,,,,,,,,,,,,,,,,,,,,,,,,1,,,,,,,,,,,,,,,,,,,,,,,,,,,,1,,,,,,,,1,,,,,,,,,,,,,,,,,,,,,,,,,1,,,,,,,,,,,,,,,,,,,A1,A1,D3,A2,D2,A2,D3,A4,A1,A2,,,,,,,,,,,1,,,,,,,,,,,,,,,,,,,,,,,,,,,,1,,,,,,,,,,,,,,,,,,1,,,,,,,,,,,,,,,,,,,,,,,,,,,,,,,,,,,,,1,,,,,,,,,,,,,,,,1,,,,,,,,,,,,,,,,,,,,1,,,,,,,,,,,,,,,,,,,,,,,,,,,,,,,,,,,1,,,,,,,,,,,,,,,,,,,,,,,,,,,,,1,,,,,,,,,,,,,,,,,,,,,1,,,,,,,,,,,,,,,,,,,,,,,,,,,,,,,,,,,,1,,,,,,,,,,,,1,,,,,,,,,,,,,,,,,,,,,1,,,,,,,,,,,,,,,,,,,,,,,B,A,C,,775.87,58.05,,,,,,,,142.23,,,278.05,,,,,,,,,,,,,113,,,97.37,,,,,,,,,,,,55.32,,,,,,31.85,,,,,
47,1980-01-01 00:00,7,en,,,,A1,A1,,A1,A1,D4,A3,D4,D3,D3,D3,A4,D3,D3,,,,,,,,,,,,,,,,,,,1,,,,,,,,,,,,,,,,,,,,,,,,,1,,,,,,,,,,,,,,,,,,,,,,,,1,,,,,,,,,,,,,,,1,,,,,,,,,,,,,,,,,,,,,,,,,,,,,,,,,,,,,,,,1,,,,,,,,,,,,,1,,,,,,,,,,,,,,,,,,,,,,,,,,,,,,,,,1,,,,,,,,,,,,,,,,,,,,,,,,,1,,,,,,,,,,,,1,,,,,,,,,,,,,,,,,,,,,,,,,,,,,,,,,,,,,,,,,,,1,,,,,D3,D2,D3,D3,D3,A3,D3,D3,A3,D2,,,,,,,,,,,,,,,,,,,1,,,,,,,,,,,,1,,,,,,,,,,,,,,,,,,,,,,,,,,,,,,,,,,,,,,1,,,,,,,,,,,,,,,,,,,,,,,,,,,,,,1,,,,,,,,,,,,,,,,,,,,1,,,,,,,,,,,,,,,,,,,,,,,,,,,,,,1,,,,,,,,,,,,,1,,,,,,,,,,,,,,,,,,,,,,,,,,,,,,,,1,,,,,,,,,,,,,,,,,,,,,,,,,1,,,,,,,,,,,,,,,,,,,,,,,,,,,,,,,,1,,,,,,,,,,,,,1,,,,,,,,,,,,,,,,,,,,1,,,,,,,,,,,,,,,,,,,,,,,A,A,A,,843.22,43.85,,,,,,,,78.19,,,393.54,,,,,,,,,,,,,75.38,,,140.84,,,,,,,,,,,,71.18,,,,,,40.24,,,,,
48,,4,en,,,,A1,A1,,A1,A1,N0,D3,A2,D4,A3,D4,A2,A1,D1,,,1,,,,,,,,,,,,,,,,,,,,,,,,,1,,,,,,,,,,,,,,,,,,,,,,,,,1,,,,,,,,,,,,,,,,,,,,,,,,,1,,,,,,,,,,,,,,,,,,,,,,,,,1,,,,,,,,,,,,,,,,,,,,,,,,,,,,,1,,,,,,,,,,,,,,,,,,,,,,,,,,,,,,,,,,,,,,,,,,1,,,,,,,,,,,,,,,,,,,,,,,,,,1,,,,1,,,,,,,,,,,,,,,,,,,,,,,,,,,1,,,,,,,,,,,,,,,,,,,,,,,D1,A1,A1,N0,A2,N0,N0,D2,A3,D1,,,,,,,,,,,,,,,,,,,,,,,,,,,,,,,,,,,,,,,,,,,,,,,,,,,,,,,,,,,,,,,,,,,,,,,,,,,,,,,,,,,,,,,,,,,,,,,,,,,,,,,,,,,,,,,,,,,,,,,,,,,,,,,,,,,,,,,,,,,,,,,,,,,,,,,,,,,,,,,,,,,,,,,,,,,,,,,,,,,,,,,,,,,,,,,,,,,,,,,,,,,,,,,,,,,,,,,,,,,,,,,,,,,,,,,,,,,,,,,,,,,,,,,,,,,,,,,,,,,,,,,,,,,,,,,,,,,,,,,,,,,,,,,,,,,,,,,,,,,,,,,,,,,,,,,539.34,37.71,,,,,,,,76.53,,,366.83,,,,,,,,,,,,,58.27,,,,,,,,,,,,,,,,,,,,,,,,,,
51,,2,en,,,,A1,A1,,A1,A1,A1,A1,N0,A1,N0,N0,D1,N0,N0,,,,,,,,,,,,,,,,,,,,,,,,,,,,,,,,,,,,,,,,,,,,,,,,,,,,,,,,,,,,,,,,,,,,,,,,,,,,,,,,,,,,,,,,,,,,,,,,,,,,,,,,,,,,,,,,,,,,,,,,,,,,,,,,,,,,,,,,,,,,,,,,,,,,,,,,,,,,,,,,,,,,,,,,,,,,,,,,,,,,,,,,,,,,,,,,,,,,,,,,,,,,,,,,,,,,,,,,,,,,,,,,,,,,,,,,,,,,,,,,,,,,,,,,,,,,,,,,,,,,,,,,,,,,,,,,,,,,,,,,,,,,,,,,,,,,,,,,,,,,,,,,,,,,,,,,,,,,,,,,,,,,,,,,,,,,,,,,,,,,,,,,,,,,,,,,,,,,,,,,,,,,,,,,,,,,,,,,,,,,,,,,,,,,,,,,,,,,,,,,,,,,,,,,,,,,,,,,,,,,,,,,,,,,,,,,,,,,,,,,,,,,,,,,,,,,,,,,,,,,,,,,,,,,,,,,,,,,,,,,,,,,,,,,,,,,,,,,,,,,,,,,,,,,,,,,,,,,,,,,,,,,,,,,,,,,,,,,,,,,,,,,,,,,,,,,,,,,,,,,,,,,,,,,,,,,,,101.37,30.02,,,,,,,,71.35,,,,,,,,,,,,,,,,,,,,,,,,,,,,,,,,,,,,,,,,,,
52,1980-01-01 00:00,7,en,,,,A1,A1,,A1,A1,A4,A2,N0,D1,N0,N0,N0,D4,D4,,,,1,,,,,,,,,,,,,,,,,,,,,,,,,,,,,,,1,,,,,,,,,,,,,,,,,,1,,,,,,,,,,,,,,,,,,,,,,,,,1,,,,,,,,,,,,,,,,,,,,,,,,,1,,,,,,,,,,,,,,,,,,,,,,,,,,,,,,,,,,,,,,,1,,,,,,,,,,,,,,,,,,,,1,,,,,,,,,,,,,,,,,1,,,,,,,,,,,,,,,,,,,,,,,,,,,,,,,,,,,,,,,,,,1,,,,,,,,1,,,,,,,,,,,,,,,,,,,,,,,,,D3,D3,D4,D4,D4,N0,D4,D4,A2,D4,,,,,1,,,,,,,,,,,,,,,,,,,,,,,1,,,,,,,,,,,,,,,,,,,,,,,,,1,,,,,,,,,,,,,,,,,,,,,,,,,,1,,,,,,,,,,,,,,,,,,,,,,,,,,1,,,,,,,,,,,,,,,,,,,,,,,1,,,,,,,,,,,,,,,,,,,,,,,,,1,,,,,,,,,,,,,,,,,,,,,,,,,1,,,,,,,,,,,,,,,,,,,,,,,,,1,,,,,,,,,,,,,,,,,,,,,,,,,,,1,,,,,,,,,,,,,,,,,,,,,,,,,,,,,,,,,,,,,,,,,,,,1,,,,,,,,,,,,,,,,1,,,,,,,,,,,,,,,,,A,A,B,,459.65,14.36,,,,,,,,103.34,,,171.16,,,,,,,,,,,,,53.14,,,55.84,,,,,,,,,,,,32.44,,,,,,29.37,,,,,
54,1980-01-01 00:00,7,en,,,,A1,A1,,A1,A1,D3,D3,D1,D1,A1,N0,A1,N0,N0,,,,,,,,1,,,,,,,,,,,,,,,,,,,,,,,,,,1,,,,,,,,,,,,,,,,,,,,,,,,,,,,,,1,,,,,,,,,,,,,,,1,,,,,,,,,,,,,,,,,,,,,,,,,,,,,,,,,,,,1,,,,,,,,,,,,,,,,,,,,,,,,,,,,,,,,,1,,,,,,1,,,,,,,,,,,,,,,,,,,,,,,,,,,1,,,,,,,,,,,,,,,,,,,,,,,1,,,,,,,,,,,,,,,,,,,,,,,,,,1,,,,,,,,,,,,,,,,,,,,,,,,D1,A1,D1,A1,A1,D2,A1,A2,A1,A2,,,,1,,,,,,,,,,,,,,,,,,,,,,,,,,,,,,,,,,,1,,,,,,,,,,,,,,,,,,,,1,,,,,,,,,,,,,,,,,,,,,1,,,,,,,,,,,,,,,,,,,,,,,,,,,,,1,,,,,,,,,,,,,,,,,,,,,,,,,,,,,,,,,,1,,,,,,,,,,1,,,,,,,,,,,,,,,,,,,,,,,,,,,,,,,,,,,,,1,,,,,,,,,,,,,,,,,,,,,,,,1,,,,,,,,,,,,,,,,,,,1,,,,,,,,,,,,,,,,,,,,,,,1,,,,,,,,,,,,,,,,,,,,,,,,,,,,,1,,,,,,,,,,,,,,,,,,,,,,B,C,C,,687.35,35.37,,,,,,,,109.17,,,167.55,,,,,,,,,,,,,126.99,,,152.64,,,,,,,,,,,,64.26,,,,,,31.37,,,,,
56,,2,en,,,,A1,A1,,A1,A1,D4,A4,A1,D4,D3,D4,A3,D4,D4,,,,,,,,,,,,,,,,,,,,,,,,,,,,,,,,,,,,,,,,,,,,,,,,,,,,,,,,,,,,,,,,,,,,,,,,,,,,,,,,,,,,,,,,,,,,,,,,,,,,,,,,,,,,,,,,,,,,,,,,,,,,,,,,,,,,,,,,,,,,,,,,,,,,,,,,,,,,,,,,,,,,,,,,,,,,,,,,,,,,,,,,,,,,,,,,,,,,,,,,,,,,,,,,,,,,,,,,,,,,,,,,,,,,,,,,,,,,,,,,,,,,,,,,,,,,,,,,,,,,,,,,,,,,,,,,,,,,,,,,,,,,,,,,,,,,,,,,,,,,,,,,,,,,,,,,,,,,,,,,,,,,,,,,,,,,,,,,,,,,,,,,,,,,,,,,,,,,,,,,,,,,,,,,,,,,,,,,,,,,,,,,,,,,,,,,,,,,,,,,,,,,,,,,,,,,,,,,,,,,,,,,,,,,,,,,,,,,,,,,,,,,,,,,,,,,,,,,,,,,,,,,,,,,,,,,,,,,,,,,,,,,,,,,,,,,,,,,,,,,,,,,,,,,,,,,,,,,,,,,,,,,,,,,,,,,,,,,,,,,,,,,,,,,,,,,,,,,,,,,,,,,,,,,,,,,,,147.13,39.31,,,,,,,,107.82,,,,,,,,,,,,,,,,,,,,,,,,,,,,,,,,,,,,,,,,,,
57,,5,en,,,,A1,A1,,A1,A1,A1,A1,A2,A1,A2,A1,D1,N0,N0,,,1,,,,,,,,,,,,,,,,,,,,,,,,,1,,,,,,,,,,,,,,,,,,,,,,,,,1,,,,,,,,,,,,,,,,,,,,,,,,,1,,,,,,,,,,,,,,,,,,,,,,,,,,,1,,,,,,,,,,,,,,,,,,,,,,,,,,,,,,,,,,,,,,,,,,,,,,,1,,,,,,,,,,,,,,,,,,,,,,,,,1,1,,,,,,,,,,,,,,,,,,,,,,,,,,,,,,,,,,,,,,,,,,,,,,,,,1,1,,,,,,,,,,,,,,,,,,,,,,,,,,A4,A3,A1,A3,A1,D4,N0,A4,D1,A3,,,1,,,,,,,,,,,,,,,,,,,,,,,,,,,1,,,,,,,,,,,,,,,,,,,,,,,,,,1,,,,,,,,,,,,,,,,,,,,,,,,,1,,,,,,,,,,,,,,,,,,,,,,,,1,,,,,,,,,,,,,,,,,,,,,,,,,,1,,,,,,,,,,,,,,,,,,,,,,,,,,,,,,,,,,,,1,,,,,,,,,,,1,,,,,,,,,,,,,,,,,,,,,,,,,,,1,,,,,,,,,,,,,,,,,,,,,,,,,,,,,,,,,,,,,,,,,,,,,,,,,,,,,,,,,,,,,,,,,,,,,,,,,,,,,,,,,,,,,,,,,,,,,,,,,,,,,,,,,,397.56,24.08,,,,,,,,63.68,,,185.72,,,,,,,,,,,,,44.75,,,79.33,,,,,,,,,,,,,,,,,,,,,,,
58,1980-01-01 00:00,7,en,,,,A1,A1,,A1,A1,A3,A4,N0,N0,D2,D4,A2,D1,N0,,,,,,,,,,,,,,,,,,,,,,,1,,,,,,,,,,,,,,,,,,,,,,,,,1,,,,,,,,,,,,,,,,,,,,1,,,,,,,,,,,,,,,,,,,,,,,,,,,,,,1,,,,,,,,,,,1,,,,,,,,,,,,,,,,,,,,,,,,,,,,,,,1,,,,,,,,,,,,,1,,,,,,,,,,,,,,,,,,,,,,,,,,,,,,,,,,,,,,,,,,,,,1,,,,,,,,,,,,,1,,,,,,,,,,,,,,,,,,,,,,,,,,,,,,,,,,,,,1,,,,,,D4,D4,D4,D4,N0,A2,D4,D4,A2,D4,,,,,,,,,,,1,,,,,,,,,,,,,,,,,,,,1,,,,,,,,,,,,,,,,,,,,,,,,,,,,,,,1,,,,,,,,,,,,,,,,1,,,,,,,,,,,,,,,,,,,,,,,,,,,,,,,,,,,1,,,,,,,,,,,,,,,,,,,,,,,,,,,,,,,,,,,1,,,,,,,,,,,,,1,,,,,,,,,,,,,,,,,1,,,,,,,,,,,,,,,,,,,,,,,,,,,,,,,,,,,,,,,,,,,,,1,,,,,,,,,,,,,,,,,,,,,,,,,,,1,,,,,,,,,,,,,,,,,,,,,,,,,,1,,,,,,,,,,,1,,,,,,,,,,,,,,,,,,,,B,A,C,,831.3,37.81,,,,,,,,277.89,,,212.58,,,,,,,,,,,,,54.01,,,108.86,,,,,,,,,,,,63.06,,,,,,77.09,,,,,
59,1980-01-01 00:00,7,en,,,,A1,A1,,A1,A1,A2,A1,A4,A4,D1,D2,N0,A2,N0,,,,,,,,,,,,1,,,,,,,,,,,,,,,,,,,,1,,,,,,,,,,,,,,,,,,,,,,,,,1,,,,,,,,,,,,,,,,,,,,,,,,,,,,,,,1,,,,,,,,,,,,,,,,,,,1,,,,,,,,,,,,,,,,,,,,,,,,,,,,,,,,,,,,,,,,,1,,,,,,,,1,,,,,,,,,,,,,,,,,,,,,,,,,1,,,,,,,,,,,,,,,,,,,,,,1,,,,,,,,,,,,,,,,,,,,,,,,,1,,,,,,,,,,,,,,,,,,,,,,,,,,A4,A2,A4,D4,A4,D4,A2,A4,N0,D4,,,,,,,1,,,,,,,,,,,,,,,,,,,,,,,,,1,,,,,,,,,,,,,,,,,,,,,,,1,,,,,,,,,,,,,,,,,,,,,,,,,,,1,,,,,,,,,,,,,,,,,,,,,,,,,,,,,,,1,,,,,,,,,,,,,,,,,,,,,,,,,,,1,,,,,,,,,,,,,1,,,,,,,,,,,,,,,,,,,,,,,,,,,,,1,,,,,,,,,,,,,,,,,,,,,1,,,,,,,,,,,,,,,,,,,,,,,,,,,,,,,,,,,,,,,,,,,,,,,1,,,,,,,,,,,,,,,,1,,,,,,,,,,,,,,,,,,,,,,1,,,,,,,,,,,,,,,,,,,A,A,A,,493.25,58.86,,,,,,,,66.67,,,149.22,,,,,,,,,,,,,51.85,,,74.81,,,,,,,,,,,,57.43,,,,,,34.41,,,,,
62,,2,en,,,,A1,A1,,A1,A1,A2,A3,A1,A2,N0,A1,A1,A1,A3,,,,,,,,,,,,,,,,,,,,,,,,,,,,,,,,,,,,,,,,,,,,,,,,,,,,,,,,,,,,,,,,,,,,,,,,,,,,,,,,,,,,,,,,,,,,,,,,,,,,,,,,,,,,,,,,,,,,,,,,,,,,,,,,,,,,,,,,,,,,,,,,,,,,,,,,,,,,,,,,,,,,,,,,,,,,,,,,,,,,,,,,,,,,,,,,,,,,,,,,,,,,,,,,,,,,,,,,,,,,,,,,,,,,,,,,,,,,,,,,,,,,,,,,,,,,,,,,,,,,,,,,,,,,,,,,,,,,,,,,,,,,,,,,,,,,,,,,,,,,,,,,,,,,,,,,,,,,,,,,,,,,,,,,,,,,,,,,,,,,,,,,,,,,,,,,,,,,,,,,,,,,,,,,,,,,,,,,,,,,,,,,,,,,,,,,,,,,,,,,,,,,,,,,,,,,,,,,,,,,,,,,,,,,,,,,,,,,,,,,,,,,,,,,,,,,,,,,,,,,,,,,,,,,,,,,,,,,,,,,,,,,,,,,,,,,,,,,,,,,,,,,,,,,,,,,,,,,,,,,,,,,,,,,,,,,,,,,,,,,,,,,,,,,,,,,,,,,,,,,,,,,,,,,,,,,,,101.1,49.45,,,,,,,,51.65,,,,,,,,,,,,,,,,,,,,,,,,,,,,,,,,,,,,,,,,,,
63,1980-01-01 00:00,7,en,,,,A1,A1,,A1,A1,A1,N0,D1,D1,A1,D2,A1,D2,D2,,,,,,,,,,,,,,1,,,,,,,,,,,,,,,,,1,,,,,,,,,,,,,,,,,,,,,,,,,,,,,,1,,,,,,,,,,,,,,,,,,,,,,,,,,,,,,,,,,,,,1,,,,,,,,,,,,,,,,,,,,1,,,,,,,,,,,,,,,,,,,,,,,,,,,,,,1,,,,,1,,,,,,,,,,,,,,,,,,,,,,,,,,,,1,,,,,,,,,,,,,,,,,,,,,,,,,,,,1,,,,,,,,,,,,,,,,,,,,,1,,,,,,,,,,,,,,,,,,,,,,,,D2,A1,A1,D1,D3,D4,D1,A2,N0,A2,,,,,,,,,,,,,,,,1,,,,,,,,,,,,,,,1,,,,,,,,,,,,,,,,,,,,,,,,1,,,,,,,,,,,,,,,,,,,,,,,,,,,,,,,,,,,1,,,,,,,,,,,,,,,,,,,,1,,,,,,,,,,,,,,,,,,,,,,,,,,,,,1,,,,,,,,,,,,,,,,,,,,1,,,,,,,,,,,,,,,,,,,1,,,,,,,,,,,,,,,,,,,,,,,,,,,,,,,1,,,,,,,,,,,,,,,,,,,,,,1,,,,,,,,,,,,,,,,,,,,,,,,,1,,,,,,,,,,,,,,,,,,,,,,,,,,,,,,,,,,,,,,,1,,,,,,,,,,,,B,A,C,,646.44,28.87,,,,,,,,66.2,,,245.92,,,,,,,,,,,,,115.22,,,119.01,,,,,,,,,,,,42.37,,,,,,28.85,,,,,
65,,2,en,,,,A1,A1,,A1,A1,D4,A3,D1,D2,D2,D4,A1,N0,N0,,,,,,,,,,,,,,,,,,,,,,,,,,,,,,,,,,,,,,,,,,,,,,,,,,,,,,,,,,,,,,,,,,,,,,,,,,,,,,,,,,,,,,,,,,,,,,,,,,,,,,,,,,,,,,,,,,,,,,,,,,,,,,,,,,,,,,,,,,,,,,,,,,,,,,,,,,,,,,,,,,,,,,,,,,,,,,,,,,,,,,,,,,,,,,,,,,,,,,,,,,,,,,,,,,,,,,,,,,,,,,,,,,,,,,,,,,,,,,,,,,,,,,,,,,,,,,,,,,,,,,,,,,,,,,,,,,,,,,,,,,,,,,,,,,,,,,,,,,,,,,,,,,,,,,,,,,,,,,,,,,,,,,,,,,,,,,,,,,,,,,,,,,,,,,,,,,,,,,,,,,,,,,,,,,,,,,,,,,,,,,,,,,,,,,,,,,,,,,,,,,,,,,,,,,,,,,,,,,,,,,,,,,,,,,,,,,,,,,,,,,,,,,,,,,,,,,,,,,,,,,,,,,,,,,,,,,,,,,,,,,,,,,,,,,,,,,,,,,,,,,,,,,,,,,,,,,,,,,,,,,,,,,,,,,,,,,,,,,,,,,,,,,,,,,,,,,,,,,,,,,,,,,,,,,,,,,157.58,72.39,,,,,,,,85.19,,,,,,,,,,,,,,,,,,,,,,,,,,,,,,,,,,,,,,,,,,
66,1980-01-01 00:00,7,en,,,,A1,A1,,A1,A1,D4,A2,D1,D2,D2,D3,A2,D2,D2,,,,,,,,,,,,,,,,,,,,,,,,,1,,,,,,,,,,,,,,,,,,,,,,,,,1,,,,,,,,,,,,,,,,,,,,,,,,,1,,,,,,,,,,,,,,,,,,,,,,,,,1,,,,,,,,,,,,,,,,,,,,,,,,,1,,,,,,,1,,,,,,,,,,,,,,,,,,,,,,,,,,,,,,,,,,,,,,,,,,,1,,,,,,,,,,,,,,,,,,,,,,,,,1,,,,,,1,,,,,,,,,,,,,,,,,,,,,,,,,,,,,,,,,,,,,,,,,,,,1,,,,D3,D3,D3,D3,D3,A2,D3,D3,A2,D3,,,,,,,,,,,,,,,,,,,,,,,,,1,,,,,,1,,,,,,,,,,,,,,,,,,,,,,,,,,,,,,,,,,,,,,,,,,,,1,,,,,,,,,,,,,,,,,,,,,,,,,1,,,,,,,,,,,,,,,,,,,,,,,,,1,,,,,,,,,,,,,,,,,,,,,,,,,1,,,,,,1,,,,,,,,,,,,,,,,,,,,,,,,,,,,,,,,,,,,,,,,,,,,1,,,,,,,,,,,,,,,,,,,,,,,,,1,,,,,,,1,,,,,,,,,,,,,,,,,,,,,,,,,1,,,,,,,,,,,,,,,,,,,,,,,,,,,1,,,,,,,,,,,,,,,,,,,,,,,C,C,C,,448.77,23.28,,,,,,,,56.13,,,173.65,,,,,,,,,,,,,40.63,,,55.51,,,,,,,,,,,,52.75,,,,,,46.82,,,,,
67,1980-01-01 00:00,7,en,,,,A1,A1,,A1,A1,N0,A1,A1,A2,N0,A3,A1,A3,A3,,,,,,,,,,1,,,,,,,,,,,,,,,,,,,,,,,,,1,,,,,,,,,,,,,,,,,,,,,,,,,1,,,,,,,,,,,,,,,,,,,1,,,,,,,,,,,,,,,,,,,,,,,,,,,,,,,,1,,,,,,,,,,,,,,,,,,,,,,,,,,,,,,,,1,,,,,,,,,,,,,,,,,1,,,,,,,,,,,,,,,,,,,,,,,,,,,,,,1,,,,,,,,,,,,,,,,,,,1,,,,,,,,,,,,,,,,,,,,,,,,,1,,,,,,,,,,,,,,,,,,,,A2,A1,A1,A2,A2,D1,A2,A1,D1,N0,,,,,,,,,1,,,,,,,,,,,,,,,,,,,,,,,,,1,,,,,,,,,,,,,,,,,,,,,,,,,1,,,,,,,,,,,,,,,,,,,,,,,,,,1,,,,,,,,,,,,,,,,,,,,,,,,1,,,,,,,,,,,,,,,,,,,,,1,,,,,,,,,,,,,,,,,,,,,,,,,,,,,1,,,,,,,,,,,,,,,,,,,,,,,,,,1,,,,,,,,,,,,,,,,,,,,,,,,,1,,,,,,,,,,,,,,,,,,,,,,,,,,,,,,,1,,,,,,,,,,,,,,,,,,,,,,1,,,,,,,,,,,,,,,,,,,,1,,,,,,,,,,,,,,,,,,,,,,,,A,A,C,,562.32,137.04,,,,,,,,68.47,,,150.8,,,,,,,,,,,,,56.72,,,57.68,,,,,,,,,,,,40.88,,,,,,50.73,,,,,
69,,2,en,,,,A1,A1,,A1,A1,A1,A2,A2,D2,D3,N0,A2,D2,A4,,,,,,,,,,,,,,,,,,,,,,,,,,,,,,,,,,,,,,,,,,,,,,,,,,,,,,,,,,,,,,,,,,,,,,,,,,,,,,,,,,,,,,,,,,,,,,,,,,,,,,,,,,,,,,,,,,,,,,,,,,,,,,,,,,,,,,,,,,,,,,,,,,,,,,,,,,,,,,,,,,,,,,,,,,,,,,,,,,,,,,,,,,,,,,,,,,,,,,,,,,,,,,,,,,,,,,,,,,,,,,,,,,,,,,,,,,,,,,,,,,,,,,,,,,,,,,,,,,,,,,,,,,,,,,,,,,,,,,,,,,,,,,,,,,,,,,,,,,,,,,,,,,,,,,,,,,,,,,,,,,,,,,,,,,,,,,,,,,,,,,,,,,,,,,,,,,,,,,,,,,,,,,,,,,,,,,,,,,,,,,,,,,,,,,,,,,,,,,,,,,,,,,,,,,,,,,,,,,,,,,,,,,,,,,,,,,,,,,,,,,,,,,,,,,,,,,,,,,,,,,,,,,,,,,,,,,,,,,,,,,,,,,,,,,,,,,,,,,,,,,,,,,,,,,,,,,,,,,,,,,,,,,,,,,,,,,,,,,,,,,,,,,,,,,,,,,,,,,,,,,,,,,,,,,,,,,139.2,37.22,,,,,,,,101.98,,,,,,,,,,,,,,,,,,,,,,,,,,,,,,,,,,,,,,,,,,
71,1980-01-01 00:00,7,en,,,,A1,A1,,A1,A1,D3,A2,D1,D3,D1,D3,A1,D3,D3,,,,,,,,,,,,,,1,,,,,,,,,,,,,,,,,,,,1,,,,,,,,,,,,,,,,,,,,,,,,1,,,,,,,,,,,,,,,,,,,,,,,,,,,,,,,,,,,,,,,,1,,,,,,,,,,,,,,,,,,,,1,,,,,,,,,,,,,,,,,1,,,,,,,,,,,,,,,,,,,,,,,1,,,,,,,,,,,,,,,,,,,,,,,,,,,,,,,1,,,,,,,,,,,,,,,,,,,,1,,,,,,,,,,,,,,,,,,,,,,,,,,,,,,1,,,,,,,,,,,,,,,D2,D2,D3,D3,D3,A2,D3,D2,D1,D2,,,,,,,,,,,,,,1,,,,,,,,,,,,,,,,,,,,1,,,,,,,,,,,,,,,,,,,,,,,,,,,,,,1,,,,,,,,,,,,,,,,,,,,,,,,1,,,,,,,,,,,,,,,,,,,,,1,,,,,,,,,,,,,,,,,,,,,,,,,,,,,,,,,,1,,,,,,,,,,,,,,,,1,,,,,,,,,,,,,,,,,,,,,,,,,,,,,1,,,,,,,,,,,,,,,,,,,,,,,,,,1,,,,,,,,,,,,,,,,,,,,,,1,,,,,,,,,,,,,,,,,,,,,,,,,,1,,,,,,,,,,,,,,,,,,,,,,,,,,1,,,,,,,,,,,,,,,,,,,A,A,A,,467.26,21.93,,,,,,,,58.58,,,171.08,,,,,,,,,,,,,60.23,,,81.22,,,,,,,,,,,,42.82,,,,,,31.4,,,,,
