"id","submitdate","lastpage","startlanguage","seed","ConsentText","LabelConsent","ConsentUnderstood","ConsentParticipate","LabelScreening","ScreeningAge","ScreeningEnrolled","LikertTypePage1[1]","LikertTypePage1[2]","LikertTypePage1[3]","LikertTypePage1[4]","LikertTypePage1[5]","LikertTypePage1[6]","LikertTypePage1[7]","LikertTypePage1[8]","LikertTypePage1[9]","SkipNoticePage1","GridInstructPage1","Page2Grid1[Y1_X1]","Page2Grid1[Y1_X2]","Page2Grid1[Y1_X3]","Page2Grid1[Y1_X4]","Page2Grid1[Y1_X5]","Page2Grid1[Y2_X1]","Page2Grid1[Y2_X2]","Page2Grid1[Y2_X3]","Page2Grid1[Y2_X4]","Page2Grid1[Y2_X5]","Page2Grid1[Y3_X1]","Page2Grid1[Y3_X2]","Page2Grid1[Y3_X3]","Page2Grid1[Y3_X4]","Page2Grid1[Y3_X5]","Page2Grid1[Y4_X1]","Page2Grid1[Y4_X2]","Page2Grid1[Y4_X3]","Page2Grid1[Y4_X4]","Page2Grid1[Y4_X5]","Page2Grid1[Y5_X1]","Page2Grid1[Y5_X2]","Page2Grid1[Y5_X3]","Page2Grid1[Y5_X4]","Page2Grid1[Y5_X5]","Page2Grid2[Y1_X1]","Page2Grid2[Y1_X2]","Page2Grid2[Y1_X3]","Page2Grid2[Y1_X4]","Page2Grid2[Y1_X5]","Page2Grid2[Y2_X1]","Page2Grid2[Y2_X2]","Page2Grid2[Y2_X3]","Page2Grid2[Y2_X4]","Page2Grid2[Y2_X5]","Page2Grid2[Y3_X1]","Page2Grid2[Y3_X2]","Page2Grid2[Y3_X3]","Page2Grid2[Y3_X4]","Page2Grid2[Y3_X5]","Page2Grid2[Y4_X1]","Page2Grid2[Y4_X2]","Page2Grid2[Y4_X3]","Page2Grid2[Y4_X4]","Page2Grid2[Y4_X5]","Page2Grid2[Y5_X1]","Page2Grid2[Y5_X2]","Page2Grid2[Y5_X3]","Page2Grid2[Y5_X4]","Page2Grid2[Y5_X5]","Page2Grid3[Y1_X1]","Page2Grid3[Y1_X2]","Page2Grid3[Y1_X3]","Page2Grid3[Y1_X4]","Page2Grid3[Y1_X5]","Page2Grid3[Y2_X1]","Page2Grid3[Y2_X2]","Page2Grid3[Y2_X3]","Page2Grid3[Y2_X4]","Page2Grid3[Y2_X5]","Page2Grid3[Y3_X1]","Page2Grid3[Y3_X2]","Page2Grid3[Y3_X3]","Page2Grid3[Y3_X4]","Page2Grid3[Y3_X5]","Page2Grid3[Y4_X1]","Page2Grid3[Y4_X2]","Page2Grid3[Y4_X3]","Page2Grid3[Y4_X4]","Page2Grid3[Y4_X5]","Page2Grid3[Y5_X1]","Page2Grid3[Y5_X2]","Page2Grid3[Y5_X3]","Page2Grid3[Y5_X4]","Page2Grid3[Y5_X5]","Page2Grid4[Y1_X1]","Page2Grid4[Y1_X2]","Page2Grid4[Y1_X3]","Page2Grid4[Y1_X4]","Page2Grid4[Y1_X5]","Page2Grid4[Y2_X1]","Page2Grid4[Y2_X2]","Page2Grid4[Y2_X3]","Page2Grid4[Y2_X4]","Page2Grid4[Y2_X5]","Page2Grid4[Y3_X1]","Page2Grid4[Y3_X2]","Page2Grid4[Y3_X3]","Page2Grid4[Y3_X4]","Page2Grid4[Y3_X5]","Page2Grid4[Y4_X1]","Page2Grid4[Y4_X2]","Page2Grid4[Y4_X3]","Page2Grid4[Y4_X4]","Page2Grid4[Y4_X5]","Page2Grid4[Y5_X1]","Page2Grid4[Y5_X2]","Page2Grid4[Y5_X3]","Page2Grid4[Y5_X4]","Page2Grid4[Y5_X5]","Page2Grid5[Y1_X1]","Page2Grid5[Y1_X2]","Page2Grid5[Y1_X3]","Page2Grid5[Y1_X4]","Page2Grid5[Y1_X5]","Page2Grid5[Y2_X1]","Page2Grid5[Y2_X2]","Page2Grid5[Y2_X3]","Page2Grid5[Y2_X4]","Page2Grid5[Y2_X5]","Page2Grid5[Y3_X1]","Page2Grid5[Y3_X2]","Page2Grid5[Y3_X3]","Page2Grid5[Y3_X4]","Page2Grid5[Y3_X5]","Page2Grid5[Y4_X1]","Page2Grid5[Y4_X2]","Page2Grid5[Y4_X3]","Page2Grid5[Y4_X4]","Page2Grid5[Y4_X5]","Page2Grid5[Y5_X1]","Page2Grid5[Y5_X2]","Page2Grid5[Y5_X3]","Page2Grid5[Y5_X4]","Page2Grid5[Y5_X5]","Page2Grid6[Y1_X1]","Page2Grid6[Y1_X2]","Page2Grid6[Y1_X3]","Page2Grid6[Y1_X4]","Page2Grid6[Y1_X5]","Page2Grid6[Y2_X1]","Page2Grid6[Y2_X2]","Page2Grid6[Y2_X3]","Page2Grid6[Y2_X4]","Page2Grid6[Y2_X5]","Page2Grid6[Y3_X1]","Page2Grid6[Y3_X2]","Page2Grid6[Y3_X3]","Page2Grid6[Y3_X4]","Page2Grid6[Y3_X5]","Page2Grid6[Y4_X1]","Page2Grid6[Y4_X2]","Page2Grid6[Y4_X3]","Page2Grid6[Y4_X4]","Page2Grid6[Y4_X5]","Page2Grid6[Y5_X1]","Page2Grid6[Y5_X2]","Page2Grid6[Y5_X3]","Page2Grid6[Y5_X4]","Page2Grid6[Y5_X5]","Page2Grid7[Y1_X1]","Page2Grid7[Y1_X2]","Page2Grid7[Y1_X3]","Page2Grid7[Y1_X4]","Page2Grid7[Y1_X5]","Page2Grid7[Y2_X1]","Page2Grid7[Y2_X2]","Page2Grid7[Y2_X3]","Page2Grid7[Y2_X4]","Page2Grid7[Y2_X5]","Page2Grid7[Y3_X1]","Page2Grid7[Y3_X2]","Page2Grid7[Y3_X3]","Page2Grid7[Y3_X4]","Page2Grid7[Y3_X5]","Page2Grid7[Y4_X1]","Page2Grid7[Y4_X2]","Page2Grid7[Y4_X3]","Page2Grid7[Y4_X4]","Page2Grid7[Y4_X5]","Page2Grid7[Y5_X1]","Page2Grid7[Y5_X2]","Page2Grid7[Y5_X3]","Page2Grid7[Y5_X4]","Page2Grid7[Y5_X5]","Page2Grid8[Y1_X1]","Page2Grid8[Y1_X2]","Page2Grid8[Y1_X3]","Page2Grid8[Y1_X4]","Page2Grid8[Y1_X5]","Page2Grid8[Y2_X1]","Page2Grid8[Y2_X2]","Page2Grid8[Y2_X3]","Page2Grid8[Y2_X4]","Page2Grid8[Y2_X5]","Page2Grid8[Y3_X1]","Page2Grid8[Y3_X2]","Page2Grid8[Y3_X3]","Page2Grid8[Y3_X4]","Page2Grid8[Y3_X5]","Page2Grid8[Y4_X1]","Page2Grid8[Y4_X2]","Page2Grid8[Y4_X3]","Page2Grid8[Y4_X4]","Page2Grid8[Y4_X5]","Page2Grid8[Y5_X1]","Page2Grid8[Y5_X2]","Page2Grid8[Y5_X3]","Page2Grid8[Y5_X4]","Page2Grid8[Y5_X5]","Page2Grid9[Y1_X1]","Page2Grid9[Y1_X2]","Page2Grid9[Y1_X3]","Page2Grid9[Y1_X4]","Page2Grid9[Y1_X5]","Page2Grid9[Y2_X1]","Page2Grid9[Y2_X2]","Page2Grid9[Y2_X3]","Page2Grid9[Y2_X4]","Page2Grid9[Y2_X5]","Page2Grid9[Y3_X1]","Page2Grid9[Y3_X2]","Page2Grid9[Y3_X3]","Page2Grid9[Y3_X4]","Page2Grid9[Y3_X5]","Page2Grid9[Y4_X1]","Page2Grid9[Y4_X2]","Page2Grid9[Y4_X3]","Page2Grid9[Y4_X4]","Page2Grid9[Y4_X5]","Page2Grid9[Y5_X1]","Page2Grid9[Y5_X2]","Page2Grid9[Y5_X3]","Page2Grid9[Y5_X4]","Page2Grid9[Y5_X5]","Page2Grid10[Y1_X1]","Page2Grid10[Y1_X2]","Page2Grid10[Y1_X3]","Page2Grid10[Y1_X4]","Page2Grid10[Y1_X5]","Page2Grid10[Y2_X1]","Page2Grid10[Y2_X2]","Page2Grid10[Y2_X3]","Page2Grid10[Y2_X4]","Page2Grid10[Y2_X5]","Page2Grid10[Y3_X1]","Page2Grid10[Y3_X2]","Page2Grid10[Y3_X3]","Page2Grid10[Y3_X4]","Page2Grid10[Y3_X5]","Page2Grid10[Y4_X1]","Page2Grid10[Y4_X2]","Page2Grid10[Y4_X3]","Page2Grid10[Y4_X4]","Page2Grid10[Y4_X5]","Page2Grid10[Y5_X1]","Page2Grid10[Y5_X2]","Page2Grid10[Y5_X3]","Page2Grid10[Y5_X4]","Page2Grid10[Y5_X5]","SkipNoticePage2","LikertTypePage3[1]","LikertTypePage3[2]","LikertTypePage3[3]","LikertTypePage3[4]","LikertTypePage3[5]","LikertTypePage3[6]","LikertTypePage3[7]","LikertTypePage3[8]","LikertTypePage3[9]","LikertTypePage3[10]","SkipNoticePage3","GridInstructPage4","Page4Grid1[Y1_X1]","Page4Grid1[Y1_X2]","Page4Grid1[Y1_X3]","Page4Grid1[Y1_X4]","Page4Grid1[Y1_X5]","Page4Grid1[Y2_X1]","Page4Grid1[Y2_X2]","Page4Grid1[Y2_X3]","Page4Grid1[Y2_X4]","Page4Grid1[Y2_X5]","Page4Grid1[Y3_X1]","Page4Grid1[Y3_X2]","Page4Grid1[Y3_X3]","Page4Grid1[Y3_X4]","Page4Grid1[Y3_X5]","Page4Grid1[Y4_X1]","Page4Grid1[Y4_X2]","Page4Grid1[Y4_X3]","Page4Grid1[Y4_X4]","Page4Grid1[Y4_X5]","Page4Grid1[Y5_X1]","Page4Grid1[Y5_X2]","Page4Grid1[Y5_X3]","Page4Grid1[Y5_X4]","Page4Grid1[Y5_X5]","Page4Grid2[Y1_X1]","Page4Grid2[Y1_X2]","Page4Grid2[Y1_X3]","Page4Grid2[Y1_X4]","Page4Grid2[Y1_X5]","Page4Grid2[Y2_X1]","Page4Grid2[Y2_X2]","Page4Grid2[Y2_X3]","Page4Grid2[Y2_X4]","Page4Grid2[Y2_X5]","Page4Grid2[Y3_X1]","Page4Grid2[Y3_X2]","Page4Grid2[Y3_X3]","Page4Grid2[Y3_X4]","Page4Grid2[Y3_X5]","Page4Grid2[Y4_X1]","Page4Grid2[Y4_X2]","Page4Grid2[Y4_X3]","Page4Grid2[Y4_X4]","Page4Grid2[Y4_X5]","Page4Grid2[Y5_X1]","Page4Grid2[Y5_X2]","Page4Grid2[Y5_X3]","Page4Grid2[Y5_X4]","Page4Grid2[Y5_X5]","Page4Grid3[Y1_X1]","Page4Grid3[Y1_X2]","Page4Grid3[Y1_X3]","Page4Grid3[Y1_X4]","Page4Grid3[Y1_X5]","Page4Grid3[Y2_X1]","Page4Grid3[Y2_X2]","Page4Grid3[Y2_X3]","Page4Grid3[Y2_X4]","Page4Grid3[Y2_X5]","Page4Grid3[Y3_X1]","Page4Grid3[Y3_X2]","Page4Grid3[Y3_X3]","Page4Grid3[Y3_X4]","Page4Grid3[Y3_X5]","Page4Grid3[Y4_X1]","Page4Grid3[Y4_X2]","Page4Grid3[Y4_X3]","Page4Grid3[Y4_X4]","Page4Grid3[Y4_X5]","Page4Grid3[Y5_X1]","Page4Grid3[Y5_X2]","Page4Grid3[Y5_X3]","Page4Grid3[Y5_X4]","Page4Grid3[Y5_X5]","Page4Grid4[Y1_X1]","Page4Grid4[Y1_X2]","Page4Grid4[Y1_X3]","Page4Grid4[Y1_X4]","Page4Grid4[Y1_X5]","Page4Grid4[Y2_X1]","Page4Grid4[Y2_X2]","Page4Grid4[Y2_X3]","Page4Grid4[Y2_X4]","Page4Grid4[Y2_X5]","Page4Grid4[Y3_X1]","Page4Grid4[Y3_X2]","Page4Grid4[Y3_X3]","Page4Grid4[Y3_X4]","Page4Grid4[Y3_X5]","Page4Grid4[Y4_X1]","Page4Grid4[Y4_X2]","Page4Grid4[Y4_X3]","Page4Grid4[Y4_X4]","Page4Grid4[Y4_X5]","Page4Grid4[Y5_X1]","Page4Grid4[Y5_X2]","Page4Grid4[Y5_X3]","Page4Grid4[Y5_X4]","Page4Grid4[Y5_X5]","Page4Grid5[Y1_X1]","Page4Grid5[Y1_X2]","Page4Grid5[Y1_X3]","Page4Grid5[Y1_X4]","Page4Grid5[Y1_X5]","Page4Grid5[Y2_X1]","Page4Grid5[Y2_X2]","Page4Grid5[Y2_X3]","Page4Grid5[Y2_X4]","Page4Grid5[Y2_X5]","Page4Grid5[Y3_X1]","Page4Grid5[Y3_X2]","Page4Grid5[Y3_X3]","Page4Grid5[Y3_X4]","Page4Grid5[Y3_X5]","Page4Grid5[Y4_X1]","Page4Grid5[Y4_X2]","Page4Grid5[Y4_X3]","Page4Grid5[Y4_X4]","Page4Grid5[Y4_X5]","Page4Grid5[Y5_X1]","Page4Grid5[Y5_X2]","Page4Grid5[Y5_X3]","Page4Grid5[Y5_X4]","Page4Grid5[Y5_X5]","Page4Grid6[Y1_X1]","Page4Grid6[Y1_X2]","Page4Grid6[Y1_X3]","Page4Grid6[Y1_X4]","Page4Grid6[Y1_X5]","Page4Grid6[Y2_X1]","Page4Grid6[Y2_X2]","Page4Grid6[Y2_X3]","Page4Grid6[Y2_X4]","Page4Grid6[Y2_X5]","Page4Grid6[Y3_X1]","Page4Grid6[Y3_X2]","Page4Grid6[Y3_X3]","Page4Grid6[Y3_X4]","Page4Grid6[Y3_X5]","Page4Grid6[Y4_X1]","Page4Grid6[Y4_X2]","Page4Grid6[Y4_X3]","Page4Grid6[Y4_X4]","Page4Grid6[Y4_X5]","Page4Grid6[Y5_X1]","Page4Grid6[Y5_X2]","Page4Grid6[Y5_X3]","Page4Grid6[Y5_X4]","Page4Grid6[Y5_X5]","Page4Grid7[Y1_X1]","Page4Grid7[Y1_X2]","Page4Grid7[Y1_X3]","Page4Grid7[Y1_X4]","Page4Grid7[Y1_X5]","Page4Grid7[Y2_X1]","Page4Grid7[Y2_X2]","Page4Grid7[Y2_X3]","Page4Grid7[Y2_X4]","Page4Grid7[Y2_X5]","Page4Grid7[Y3_X1]","Page4Grid7[Y3_X2]","Page4Grid7[Y3_X3]","Page4Grid7[Y3_X4]","Page4Grid7[Y3_X5]","Page4Grid7[Y4_X1]","Page4Grid7[Y4_X2]","Page4Grid7[Y4_X3]","Page4Grid7[Y4_X4]","Page4Grid7[Y4_X5]","Page4Grid7[Y5_X1]","Page4Grid7[Y5_X2]","Page4Grid7[Y5_X3]","Page4Grid7[Y5_X4]","Page4Grid7[Y5_X5]","Page4Grid8[Y1_X1]","Page4Grid8[Y1_X2]","Page4Grid8[Y1_X3]","Page4Grid8[Y1_X4]","Page4Grid8[Y1_X5]","Page4Grid8[Y2_X1]","Page4Grid8[Y2_X2]","Page4Grid8[Y2_X3]","Page4Grid8[Y2_X4]","Page4Grid8[Y2_X5]","Page4Grid8[Y3_X1]","Page4Grid8[Y3_X2]","Page4Grid8[Y3_X3]","Page4Grid8[Y3_X4]","Page4Grid8[Y3_X5]","Page4Grid8[Y4_X1]","Page4Grid8[Y4_X2]","Page4Grid8[Y4_X3]","Page4Grid8[Y4_X4]","Page4Grid8[Y4_X5]","Page4Grid8[Y5_X1]","Page4Grid8[Y5_X2]","Page4Grid8[Y5_X3]","Page4Grid8[Y5_X4]","Page4Grid8[Y5_X5]","Page4Grid9[Y1_X1]","Page4Grid9[Y1_X2]","Page4Grid9[Y1_X3]","Page4Grid9[Y1_X4]","Page4Grid9[Y1_X5]","Page4Grid9[Y2_X1]","Page4Grid9[Y2_X2]","Page4Grid9[Y2_X3]","Page4Grid9[Y2_X4]","Page4Grid9[Y2_X5]","Page4Grid9[Y3_X1]","Page4Grid9[Y3_X2]","Page4Grid9[Y3_X3]","Page4Grid9[Y3_X4]","Page4Grid9[Y3_X5]","Page4Grid9[Y4_X1]","Page4Grid9[Y4_X2]","Page4Grid9[Y4_X3]","Page4Grid9[Y4_X4]","Page4Grid9[Y4_X5]","Page4Grid9[Y5_X1]","Page4Grid9[Y5_X2]","Page4Grid9[Y5_X3]","Page4Grid9[Y5_X4]","Page4Grid9[Y5_X5]","SkipNoticePage4","InstructionsPage5","Page5Grid1[Y1_X1]","Page5Grid1[Y1_X2]","Page5Grid1[Y1_X3]","Page5Grid1[Y1_X4]","Page5Grid1[Y1_X5]","Page5Grid1[Y2_X1]","Page5Grid1[Y2_X2]","Page5Grid1[Y2_X3]","Page5Grid1[Y2_X4]","Page5Grid1[Y2_X5]","Page5Grid1[Y3_X1]","Page5Grid1[Y3_X2]","Page5Grid1[Y3_X3]","Page5Grid1[Y3_X4]","Page5Grid1[Y3_X5]","Page5Grid1[Y4_X1]","Page5Grid1[Y4_X2]","Page5Grid1[Y4_X3]","Page5Grid1[Y4_X4]","Page5Grid1[Y4_X5]","Page5Grid1[Y5_X1]","Page5Grid1[Y5_X2]","Page5Grid1[Y5_X3]","Page5Grid1[Y5_X4]","Page5Grid1[Y5_X5]","Page5Grid2[Y1_X1]","Page5Grid2[Y1_X2]","Page5Grid2[Y1_X3]","Page5Grid2[Y1_X4]","Page5Grid2[Y1_X5]","Page5Grid2[Y2_X1]","Page5Grid2[Y2_X2]","Page5Grid2[Y2_X3]","Page5Grid2[Y2_X4]","Page5Grid2[Y2_X5]","Page5Grid2[Y3_X1]","Page5Grid2[Y3_X2]","Page5Grid2[Y3_X3]","Page5Grid2[Y3_X4]","Page5Grid2[Y3_X5]","Page5Grid2[Y4_X1]","Page5Grid2[Y4_X2]","Page5Grid2[Y4_X3]","Page5Grid2[Y4_X4]","Page5Grid2[Y4_X5]","Page5Grid2[Y5_X1]","Page5Grid2[Y5_X2]","Page5Grid2[Y5_X3]","Page5Grid2[Y5_X4]","Page5Grid2[Y5_X5]","Page5Grid3[Y1_X1]","Page5Grid3[Y1_X2]","Page5Grid3[Y1_X3]","Page5Grid3[Y1_X4]","Page5Grid3[Y1_X5]","Page5Grid3[Y2_X1]","Page5Grid3[Y2_X2]","Page5Grid3[Y2_X3]","Page5Grid3[Y2_X4]","Page5Grid3[Y2_X5]","Page5Grid3[Y3_X1]","Page5Grid3[Y3_X2]","Page5Grid3[Y3_X3]","Page5Grid3[Y3_X4]","Page5Grid3[Y3_X5]","Page5Grid3[Y4_X1]","Page5Grid3[Y4_X2]","Page5Grid3[Y4_X3]","Page5Grid3[Y4_X4]","Page5Grid3[Y4_X5]","Page5Grid3[Y5_X1]","Page5Grid3[Y5_X2]","Page5Grid3[Y5_X3]","Page5Grid3[Y5_X4]","Page5Grid3[Y5_X5]","SkipNoticePage5","InstructionsPage6","Page6MC1","Page6MC2","Page6MC3","Page6FR","interviewtime","groupTime18654","ConsentTextTime","LabelConsentTime","ConsentUnderstoodTime","ConsentParticipateTime","LabelScreeningTime","ScreeningAgeTime","ScreeningEnrolledTime","groupTime18655","LikertTypePage1Time","SkipNoticePage1Time","groupTime18656","GridInstructPage1Time","Page2Grid1Time","Page2Grid2Time","Page2Grid3Time","Page2Grid4Time","Page2Grid5Time","Page2Grid6Time","Page2Grid7Time","Page2Grid8Time","Page2Grid9Time","Page2Grid10Time","SkipNoticePage2Time","groupTime18657","LikertTypePage3Time","SkipNoticePage3Time","groupTime18659","GridInstructPage4Time","Page4Grid1Time","Page4Grid2Time","Page4Grid3Time","Page4Grid4Time","Page4Grid5Time","Page4Grid6Time","Page4Grid7Time","Page4Grid8Time","Page4Grid9Time","SkipNoticePage4Time","groupTime18660","InstructionsPage5Time","Page5Grid1Time","Page5Grid2Time","Page5Grid3Time","SkipNoticePage5Time","groupTime18661","InstructionsPage6Time","Page6MC1Time","Page6MC2Time","Page6MC3Time","Page6FRTime"
"7","","","en","1853425637","","","","","","","","","","","","","","","","","","","","","","","","","","","","","","","","","","","","","","","","","","","","","","","","","","","","","","","","","","","","","","","","","","","","","","","","","","","","","","","","","","","","","","","","","","","","","","","","","","","","","","","","","","","","","","","","","","","","","","","","","","","","","","","","","","","","","","","","","","","","","","","","","","","","","","","","","","","","","","","","","","","","","","","","","","","","","","","","","","","","","","","","","","","","","","","","","","","","","","","","","","","","","","","","","","","","","","","","","","","","","","","","","","","","","","","","","","","","","","","","","","","","","","","","","","","","","","","","","","","","","","","","","","","","","","","","","","","","","","","","","","","","","","","","","","","","","","","","","","","","","","","","","","","","","","","","","","","","","","","","","","","","","","","","","","","","","","","","","","","","","","","","","","","","","","","","","","","","","","","","","","","","","","","","","","","","","","","","","","","","","","","","","","","","","","","","","","","","","","","","","","","","","","","","","","","","","","","","","","","","","","","","","","","","","","","","","","","","","","","","","","","","","","","","","","","","","","","","","","","","","","","","","","","","","","","","","","","","","","","","","","","","","","","","","","","","","","","","","","","","","","","","","","","","","","","","","","","","","","","","","","","","","","","","","","","","","","","","","","","","","","","","","","","","","","","","","","","","","","","","","","","","","","","","","","","","","","","","","","","","","","","","","","","","","","0","","","","","","","","","","","","","","","","","","","","","","","","","","","","","","","","","","","","","","","","","","","","","","","","","","",""
"8","1980-01-01 00:00:00","7","en","1807567868","","","A1","A1","","A1","A1","D1","A4","D1","D4","D4","D4","A4","D4","D4","","","","","","","","","","","","","","","","","","","","","","","","","","","1","","","","","","","","","1","","","","","","","","","","","","","","","","","","","","","","","","","","","","","","","","","","","","","","","","","1","","","","","","","","","","","","","","","","","","","","","","","","1","","","","","","","","","","","","","","","","","","","","","","","","","","1","","1","","","","","","","","","","","","","","","","","","","","","","","","","","","","","","","","","","","","","","","","","","","","","","","","1","","","","","","","","","","","","","","","","","","","","","","","","","1","1","","","","","","","","","","","","","","","","","","","","","","","","","","","","","","","","","","","","","","","","","","","","","","1","","","","","D3","D4","D4","D4","D4","A3","D4","D4","A4","D4","","","","","","","","","","","","","","","1","","","","","","","","","","","","","1","","","","","","","","","","","","","","","","","","","","","","","","","","","","","","","","","","","","","","","","","","","","1","","","","","","","","","","","","","","","","","","","","","","","","","","","","","","1","","","","","","","","","","","","","","","","","","","","","","","","","1","","","","","","","","","","","","","","","","","","","","","","","","","1","","","","","","","1","","","","","","","","","","","","","","","","","","","","","","","","","","","","","","","","","","","","","","","","","","","1","","","","","","","","","","","","","","","","","","","","","","","","","1","","","","","","","","","","","","","","","","","","","","","","","","","","","1","","","","","1","","","","","","","","","","","","","","","","","","","","","","","","","1","","","","","","","","","","","","","","","","","","","","","","","B","B","A"," Statistic is a good language to learn，that every one should know a little.","1090.75","86.19","","","","","","","","150.74","","","401.77","","","","","","","","","","","","","55.73","","","201.13","","","","","","","","","","","","66.36","","","","","","128.83","","","","",""
"9","","3","en","1839671266","","","A1","A1","","A1","A1","A3","N0","A1","D1","N0","A2","D2","A1","N0","","","","","","","","","","","","","","","1","","","","","","","","","","","","","","","","","","","","","","","","","1","","","","","","","","","","","","","","","","","","","","","","","","","1","","","","","","","","","","","","","","","","","","","","","","","","","","","","","","","","","","","","","1","","","","","","","1","","","","","","","","","","","","","","","","","","","","","","","1","","","","","","","","","","","","","","","","","","","","","","","","","1","","","","","","","","","","","","","","","","","","","","","","","","","","","","","","1","","","","","","","","","","","","","","","","","","","","1","","","","","","","","","","","","","","","","","","","","","","","","","","","","","","","","","1","","","","","","","","","","","","","","","","","","","","","","","","","","","","","","","","","","","","","","","","","","","","","","","","","","","","","","","","","","","","","","","","","","","","","","","","","","","","","","","","","","","","","","","","","","","","","","","","","","","","","","","","","","","","","","","","","","","","","","","","","","","","","","","","","","","","","","","","","","","","","","","","","","","","","","","","","","","","","","","","","","","","","","","","","","","","","","","","","","","","","","","","","","","","","","","","","","","","","","","","","","","","","","","","","","","","","","","","","","","","","","","","","","","","","","","","","","","","","","","","","","","","","","","","","","","","","","","","","","","","","","","","","","","","","","","","","","","","","","","","","","","","","","","","","","","","","","","","","","","","","","","","","","","","","","","","","","","","","","","","","","","","","","","","","","","","","","227.97","23.95","","","","","","","","80","","","124.02","","","","","","","","","","","","","","","","","","","","","","","","","","","","","","","","","","","","","","",""
"10","","","en","1542721214","","","","","","","","","","","","","","","","","","","","","","","","","","","","","","","","","","","","","","","","","","","","","","","","","","","","","","","","","","","","","","","","","","","","","","","","","","","","","","","","","","","","","","","","","","","","","","","","","","","","","","","","","","","","","","","","","","","","","","","","","","","","","","","","","","","","","","","","","","","","","","","","","","","","","","","","","","","","","","","","","","","","","","","","","","","","","","","","","","","","","","","","","","","","","","","","","","","","","","","","","","","","","","","","","","","","","","","","","","","","","","","","","","","","","","","","","","","","","","","","","","","","","","","","","","","","","","","","","","","","","","","","","","","","","","","","","","","","","","","","","","","","","","","","","","","","","","","","","","","","","","","","","","","","","","","","","","","","","","","","","","","","","","","","","","","","","","","","","","","","","","","","","","","","","","","","","","","","","","","","","","","","","","","","","","","","","","","","","","","","","","","","","","","","","","","","","","","","","","","","","","","","","","","","","","","","","","","","","","","","","","","","","","","","","","","","","","","","","","","","","","","","","","","","","","","","","","","","","","","","","","","","","","","","","","","","","","","","","","","","","","","","","","","","","","","","","","","","","","","","","","","","","","","","","","","","","","","","","","","","","","","","","","","","","","","","","","","","","","","","","","","","","","","","","","","","","","","","","","","","","","","","","","","","","","","","","","","","","","","","","","","","","","","","","","0","","","","","","","","","","","","","","","","","","","","","","","","","","","","","","","","","","","","","","","","","","","","","","","","","","",""
"11","","1","en","2059871143","","","A1","A1","","A2","A1","","","","","","","","","","","","","","","","","","","","","","","","","","","","","","","","","","","","","","","","","","","","","","","","","","","","","","","","","","","","","","","","","","","","","","","","","","","","","","","","","","","","","","","","","","","","","","","","","","","","","","","","","","","","","","","","","","","","","","","","","","","","","","","","","","","","","","","","","","","","","","","","","","","","","","","","","","","","","","","","","","","","","","","","","","","","","","","","","","","","","","","","","","","","","","","","","","","","","","","","","","","","","","","","","","","","","","","","","","","","","","","","","","","","","","","","","","","","","","","","","","","","","","","","","","","","","","","","","","","","","","","","","","","","","","","","","","","","","","","","","","","","","","","","","","","","","","","","","","","","","","","","","","","","","","","","","","","","","","","","","","","","","","","","","","","","","","","","","","","","","","","","","","","","","","","","","","","","","","","","","","","","","","","","","","","","","","","","","","","","","","","","","","","","","","","","","","","","","","","","","","","","","","","","","","","","","","","","","","","","","","","","","","","","","","","","","","","","","","","","","","","","","","","","","","","","","","","","","","","","","","","","","","","","","","","","","","","","","","","","","","","","","","","","","","","","","","","","","","","","","","","","","","","","","","","","","","","","","","","","","","","","","","","","","","","","","","","","","","","","","","","","","","","","","","","","","","","","","","","","","","","","","","","","","","","","","","","","","","","","","","","16.53","16.53","","","","","","","","","","","","","","","","","","","","","","","","","","","","","","","","","","","","","","","","","","","","","","","","","",""
"12","1980-01-01 00:00:00","7","en","1144101110","","","A1","A1","","A1","A1","D4","A1","D1","N0","A2","A1","N0","D2","D1","","","","","","","","","","","","","","","1","","","","","","","","","","","","","","","","","","","","","","","","","","","","","","","","","","","","","1","","","","","","","","1","","","","","","","","","","","","","","","","","","","","","","","1","","","","","","","","","","","","","","","","","","","","","","","","","","","","","","","1","","","","","","","","","","","","","","","","","","","","","","","","","","","","","","","","","","","","","","1","","","","","","","1","","","","","","","","","","","","","","","","","","","","","","","","","","1","","","","","","","","","","","","","","","","","","","","","","","","","","","","","","","","","","","","1","","","","","","","","","","","","","","","","","","","","","1","","","","","","","","","","","","A1","D1","N0","A1","D2","D3","A1","A1","A2","A2","","","","","","","","","","","","","","","","","","","","","","","","","","1","","","","","","","","","","","","","","","1","","","","","","","","","","","","","","","","","","","1","","","","","","","","","","","","","","","","","","","","","","","","","","","","","","","","","","","","","","","","1","","","","","","","","","","","","","","","","","","","","","","","","","","","1","","","","","","","","","","","","","1","","","","","","","","","","","","","","","","","","","","","","","","","","","","","","","","","","","1","","","","","","","","","","","","","","","","","","","","","","","","","1","","","","","","","","","","","","","","","","","","","","","","","1","","","","","","","","","","","","","","","","","","","","","","","","","","","1","","","","","","","","","","","","","1","","","","","","","","","","","","","","","","","","","","","","","","","","","","","","","","","","","","","1","","","","","","","B","B","C","","660.26","93.97","","","","","","","","56.22","","","188.51","","","","","","","","","","","","","71.74","","","174.08","","","","","","","","","","","","41.51","","","","","","34.23","","","","",""
"13","","1","en","100233721","","","A1","A1","","A1","A2","","","","","","","","","","","","","","","","","","","","","","","","","","","","","","","","","","","","","","","","","","","","","","","","","","","","","","","","","","","","","","","","","","","","","","","","","","","","","","","","","","","","","","","","","","","","","","","","","","","","","","","","","","","","","","","","","","","","","","","","","","","","","","","","","","","","","","","","","","","","","","","","","","","","","","","","","","","","","","","","","","","","","","","","","","","","","","","","","","","","","","","","","","","","","","","","","","","","","","","","","","","","","","","","","","","","","","","","","","","","","","","","","","","","","","","","","","","","","","","","","","","","","","","","","","","","","","","","","","","","","","","","","","","","","","","","","","","","","","","","","","","","","","","","","","","","","","","","","","","","","","","","","","","","","","","","","","","","","","","","","","","","","","","","","","","","","","","","","","","","","","","","","","","","","","","","","","","","","","","","","","","","","","","","","","","","","","","","","","","","","","","","","","","","","","","","","","","","","","","","","","","","","","","","","","","","","","","","","","","","","","","","","","","","","","","","","","","","","","","","","","","","","","","","","","","","","","","","","","","","","","","","","","","","","","","","","","","","","","","","","","","","","","","","","","","","","","","","","","","","","","","","","","","","","","","","","","","","","","","","","","","","","","","","","","","","","","","","","","","","","","","","","","","","","","","","","","","","","","","","","","","","","","","","","","","","","","","","","","","","","","","58.62","58.62","","","","","","","","","","","","","","","","","","","","","","","","","","","","","","","","","","","","","","","","","","","","","","","","","",""
"14","1980-01-01 00:00:00","7","en","1315875084","","","A1","A1","","A1","A1","A3","D1","A3","A1","A3","A3","D1","A2","A2","","","","","","","","","","","","","","","","","","","","","1","","","","","","","","","","","","","","","","","","","1","","","","","","","","","","","","","","","","","","","","","","","","","","","","","","1","","","","","","","","","","","","","","","","","","1","","","","","","","","","","","","","","","","","","","","","","","","","","","1","","","","","","","","","","","","","","","","","","","","","","","","","","","","","","","","","1","","","","","","","","","","","","","","","","","1","","","","","","","","","","","","","","","","","","","","","","","","","","","","","1","","","","","","","","","","","","","","","","","","","","","","","","","","","","","1","","","","","","","","","","","","","","","","","","","","","","1","","","","","","","","","A1","D1","A1","A1","A1","D1","A1","A1","D1","A1","","","","","","","","","","","","","","","","","","","","","1","","","","","","","","","","","","","","","","","","","","","","","1","","","","","","","","","","","","","","","","","","","","","","","","","","","","","","","","","1","","","","","","","","","","","","","","","","","","","1","","","","","","","","","","","","","","","","","","","","","","","","","1","","","","","","","","","","","","","","","","","","","","","","","","","1","","","","","","","","","","","","","","","","","","","","","","","","","","","1","","","","","","","","","","","","","","","","","","","","","","","","","","","","","1","","","","","","","","","","","","","","","","","","","1","","","","","","","","","","","","","","","","","","","","","","","","","","","","","1","","","","","","","","","","","","","","","","","1","","","","","","","","","","","","","","","","","","","","","","","","","","1","","","","","","","","","","","","","","C","D","C","","406.66","27.73","","","","","","","","54.71","","","144.56","","","","","","","","","","","","","41.78","","","71.77","","","","","","","","","","","","39.26","","","","","","26.85","","","","",""
"15","1980-01-01 00:00:00","7","en","1314722625","","","A1","A1","","A1","A1","A1","A1","A3","A1","A1","A3","D1","A1","A2","","","","","","","","","","","","","","","","","","","","1","","","","","","","","","","","","","","","","","","","","","","","","","","","","","","","1","","","","","","","","","","","","","","","1","","","","","","","","","","","","","","","","1","","","","","","","","","","","","","","","","","","","","","","","","1","","","","","","","","","","","","","","","","","","","","","","","","","","","","","","","","","","","","","","","","","","","","","1","","","","1","","","","","","","","","","","","","","","","","","","","","","","","","","","","","","","","","","","1","","","","","","","","","","","","","","","","","","","","","","","","","1","","","","","","","","","","","","","","","","","","","","","","","","","","","","","","","","","","","","1","","","A1","A3","A1","A2","N0","D3","A2","A1","D1","A3","","","","","1","","","","","","","","","","","","","","","","","","","","","","","","","","","","","","","","","","","","","","","1","","","","","","","","","","","","1","","","","","","","","","","","","","","","","","","","","","","","","","","","","","","","","","","1","","","","","","","","","","","","","","","","","","","","","1","","","","","","","","","","","","","","","","","","","","1","","","","","","","","","","","","","","","","","","","","","","","","","","","","","","1","","","","","","","","","","","","","","","","","","","","","","","","","","","","","","1","","","","","","","","","","","","","","","","","","","","","","","","","1","","","","","","","","","","","","","","","","","","","","","","","","","","","","","","","","","","","1","","","","","","","","","","","","1","","","","","","","","","","","","","","","","","","","","","","","","","1","","","","","","","","","","","","","","","","","","","B","B","A","","4654.11","72.33","","","","","","","","40.4","","","199.62","","","","","","","","","","","","","4108.52","","","141.48","","","","","","","","","","","","63.17","","","","","","28.59","","","","",""
"16","","2","en","1659410827","","","A1","A1","","A1","A1","A1","D4","A4","A1","A4","D1","D4","A1","A1","","","","","","","","","","","","","","","","","","","","","","","","","","","","","","","","","","","","","","","","","","","","","","","","","","","","","","","","","","","","","","","","","","","","","","","","","","","","","","","","","","","","","","","","","","","","","","","","","","","","","","","","","","","","","","","","","","","","","","","","","","","","","","","","","","","","","","","","","","","","","","","","","","","","","","","","","","","","","","","","","","","","","","","","","","","","","","","","","","","","","","","","","","","","","","","","","","","","","","","","","","","","","","","","","","","","","","","","","","","","","","","","","","","","","","","","","","","","","","","","","","","","","","","","","","","","","","","","","","","","","","","","","","","","","","","","","","","","","","","","","","","","","","","","","","","","","","","","","","","","","","","","","","","","","","","","","","","","","","","","","","","","","","","","","","","","","","","","","","","","","","","","","","","","","","","","","","","","","","","","","","","","","","","","","","","","","","","","","","","","","","","","","","","","","","","","","","","","","","","","","","","","","","","","","","","","","","","","","","","","","","","","","","","","","","","","","","","","","","","","","","","","","","","","","","","","","","","","","","","","","","","","","","","","","","","","","","","","","","","","","","","","","","","","","","","","","","","","","","","","","","","","","","","","","","","","","","","","","","","","","","","","","","","","","","","","","","","","","","","","","","","","","","","","","","","","","","","","","","","","","","","","","","","","","","","","","","60.47","16.2","","","","","","","","44.27","","","","","","","","","","","","","","","","","","","","","","","","","","","","","","","","","","","","","","","","","",""
"17","","","en","92362461","","","","","","","","","","","","","","","","","","","","","","","","","","","","","","","","","","","","","","","","","","","","","","","","","","","","","","","","","","","","","","","","","","","","","","","","","","","","","","","","","","","","","","","","","","","","","","","","","","","","","","","","","","","","","","","","","","","","","","","","","","","","","","","","","","","","","","","","","","","","","","","","","","","","","","","","","","","","","","","","","","","","","","","","","","","","","","","","","","","","","","","","","","","","","","","","","","","","","","","","","","","","","","","","","","","","","","","","","","","","","","","","","","","","","","","","","","","","","","","","","","","","","","","","","","","","","","","","","","","","","","","","","","","","","","","","","","","","","","","","","","","","","","","","","","","","","","","","","","","","","","","","","","","","","","","","","","","","","","","","","","","","","","","","","","","","","","","","","","","","","","","","","","","","","","","","","","","","","","","","","","","","","","","","","","","","","","","","","","","","","","","","","","","","","","","","","","","","","","","","","","","","","","","","","","","","","","","","","","","","","","","","","","","","","","","","","","","","","","","","","","","","","","","","","","","","","","","","","","","","","","","","","","","","","","","","","","","","","","","","","","","","","","","","","","","","","","","","","","","","","","","","","","","","","","","","","","","","","","","","","","","","","","","","","","","","","","","","","","","","","","","","","","","","","","","","","","","","","","","","","","","","","","","","","","","","","","","","","","","","","","","","","","","","","","0","","","","","","","","","","","","","","","","","","","","","","","","","","","","","","","","","","","","","","","","","","","","","","","","","","",""
"18","","1","en","1675951129","","","A1","A1","","A2","A1","","","","","","","","","","","","","","","","","","","","","","","","","","","","","","","","","","","","","","","","","","","","","","","","","","","","","","","","","","","","","","","","","","","","","","","","","","","","","","","","","","","","","","","","","","","","","","","","","","","","","","","","","","","","","","","","","","","","","","","","","","","","","","","","","","","","","","","","","","","","","","","","","","","","","","","","","","","","","","","","","","","","","","","","","","","","","","","","","","","","","","","","","","","","","","","","","","","","","","","","","","","","","","","","","","","","","","","","","","","","","","","","","","","","","","","","","","","","","","","","","","","","","","","","","","","","","","","","","","","","","","","","","","","","","","","","","","","","","","","","","","","","","","","","","","","","","","","","","","","","","","","","","","","","","","","","","","","","","","","","","","","","","","","","","","","","","","","","","","","","","","","","","","","","","","","","","","","","","","","","","","","","","","","","","","","","","","","","","","","","","","","","","","","","","","","","","","","","","","","","","","","","","","","","","","","","","","","","","","","","","","","","","","","","","","","","","","","","","","","","","","","","","","","","","","","","","","","","","","","","","","","","","","","","","","","","","","","","","","","","","","","","","","","","","","","","","","","","","","","","","","","","","","","","","","","","","","","","","","","","","","","","","","","","","","","","","","","","","","","","","","","","","","","","","","","","","","","","","","","","","","","","","","","","","","","","","","","","","","","","","","","25.43","25.43","","","","","","","","","","","","","","","","","","","","","","","","","","","","","","","","","","","","","","","","","","","","","","","","","",""
"19","1980-01-01 00:00:00","7","en","1535682090","","","A1","A1","","A1","A1","A1","N0","A1","N0","A1","D1","N0","D1","A1","","","","","","","","","","1","","","","","","","","","","","","","","","","","","","1","","","","","","","","","","","","","","","","","","","","","","","","","","1","","","","","","","","","","","","","","","","","","","","","","","","1","","","","","","","","","","","","","","","","","","","","","","","","","","","","","","1","","","","","","","","","","","","","","","","","","","","","","","","","","","","","","","","","","","","","1","","","","","","","","1","","","","","","","","","","","","","","","","","","","","","","","","","","1","","","","","","","","","","","","","","","","","","","","","","","","","","","","","1","","","","","","","","","","","","","","","","","","","","","","","","","1","","","","","","","","","","","","","","","","","","","","A1","A1","A2","A1","A1","D4","A1","A1","N0","A1","","","","","1","","","","","","","","","","","","","","","","","","","","","","","","1","","","","","","","","","","","","","","","","","","","","","","","","","1","","","","","","","","","","","","","","","","","","","","","","","","","1","","","","","","","","","","","","","","","","","","","","","","","","","1","","","","","","","","","","","","","","","","","","","","","","","","","","","","","","1","","","","","","","","","","","","","","","","","","","","","","","","","","1","","","","","","","","","","","","","","","","","","","1","","","","","","","","","","","","","","","","","","","","","","","","","","","","","","","","","","","","","","","","","","","","","","","","","","","","","","","","","","","1","","","","","","","","","","","","","","","","","","","","","","","","","","","","","1","","","","","","","","","","","","","","1","","","","","","","","","","","","","","","","","","","","","","","","","","C","C","C","","478.69","52.47","","","","","","","","48.87","","","177.32","","","","","","","","","","","","","46.04","","","72.11","","","","","","","","","","","","59.36","","","","","","22.52","","","","",""
"20","","4","en","1038932240","","","A1","A1","","A1","A1","D2","N0","A2","D3","A1","D4","D2","N0","D3","","","","","","","","","","","","","","","","","","","","","","","","","","1","","","","","","","","","","","","","","","","","","","","","","","1","","","","","","","","","","","","","","","","","","","","","","1","","","","","","","","","","","","","","","","","","","","","","","","","","","","","","","1","","","","","","","","","","","","","","","","","","","1","","","","","","","","","","","","","","","","","","","1","","","","","","","","","","","","","","","","","","","","","","","","","","","","","","","1","","","","","","","","","","","","","","","","","","","","","","","","","1","","","","","","","","","","","","","","","","","","","1","","","","","","","","","","","","","","","","","","","","","","","","","","","","","","","1","","","","","","","","D3","D3","D3","D3","D3","D1","D2","D3","D2","D4","","","","","","","","","","","","","","","","","","","","","","","","","","","","","","","","","","","","","","","","","","","","","","","","","","","","","","","","","","","","","","","","","","","","","","","","","","","","","","","","","","","","","","","","","","","","","","","","","","","","","","","","","","","","","","","","","","","","","","","","","","","","","","","","","","","","","","","","","","","","","","","","","","","","","","","","","","","","","","","","","","","","","","","","","","","","","","","","","","","","","","","","","","","","","","","","","","","","","","","","","","","","","","","","","","","","","","","","","","","","","","","","","","","","","","","","","","","","","","","","","","","","","","","","","","","","","","","","","","","","","","","","","","","","","","","","","","","","","","","","","","","","","","","","","","","","","","","","","","","","","","","","","","","","","","","320.5","33.06","","","","","","","","46.79","","","194.99","","","","","","","","","","","","","45.66","","","","","","","","","","","","","","","","","","","","","","","","","",""
"21","","1","en","1839332584","","","A1","A1","","A2","A1","","","","","","","","","","","","","","","","","","","","","","","","","","","","","","","","","","","","","","","","","","","","","","","","","","","","","","","","","","","","","","","","","","","","","","","","","","","","","","","","","","","","","","","","","","","","","","","","","","","","","","","","","","","","","","","","","","","","","","","","","","","","","","","","","","","","","","","","","","","","","","","","","","","","","","","","","","","","","","","","","","","","","","","","","","","","","","","","","","","","","","","","","","","","","","","","","","","","","","","","","","","","","","","","","","","","","","","","","","","","","","","","","","","","","","","","","","","","","","","","","","","","","","","","","","","","","","","","","","","","","","","","","","","","","","","","","","","","","","","","","","","","","","","","","","","","","","","","","","","","","","","","","","","","","","","","","","","","","","","","","","","","","","","","","","","","","","","","","","","","","","","","","","","","","","","","","","","","","","","","","","","","","","","","","","","","","","","","","","","","","","","","","","","","","","","","","","","","","","","","","","","","","","","","","","","","","","","","","","","","","","","","","","","","","","","","","","","","","","","","","","","","","","","","","","","","","","","","","","","","","","","","","","","","","","","","","","","","","","","","","","","","","","","","","","","","","","","","","","","","","","","","","","","","","","","","","","","","","","","","","","","","","","","","","","","","","","","","","","","","","","","","","","","","","","","","","","","","","","","","","","","","","","","","","","","","","","","","","","","","","","","58.74","58.74","","","","","","","","","","","","","","","","","","","","","","","","","","","","","","","","","","","","","","","","","","","","","","","","","",""
"22","","","en","722720607","","","","","","","","","","","","","","","","","","","","","","","","","","","","","","","","","","","","","","","","","","","","","","","","","","","","","","","","","","","","","","","","","","","","","","","","","","","","","","","","","","","","","","","","","","","","","","","","","","","","","","","","","","","","","","","","","","","","","","","","","","","","","","","","","","","","","","","","","","","","","","","","","","","","","","","","","","","","","","","","","","","","","","","","","","","","","","","","","","","","","","","","","","","","","","","","","","","","","","","","","","","","","","","","","","","","","","","","","","","","","","","","","","","","","","","","","","","","","","","","","","","","","","","","","","","","","","","","","","","","","","","","","","","","","","","","","","","","","","","","","","","","","","","","","","","","","","","","","","","","","","","","","","","","","","","","","","","","","","","","","","","","","","","","","","","","","","","","","","","","","","","","","","","","","","","","","","","","","","","","","","","","","","","","","","","","","","","","","","","","","","","","","","","","","","","","","","","","","","","","","","","","","","","","","","","","","","","","","","","","","","","","","","","","","","","","","","","","","","","","","","","","","","","","","","","","","","","","","","","","","","","","","","","","","","","","","","","","","","","","","","","","","","","","","","","","","","","","","","","","","","","","","","","","","","","","","","","","","","","","","","","","","","","","","","","","","","","","","","","","","","","","","","","","","","","","","","","","","","","","","","","","","","","","","","","","","","","","","","","","","","","","","","","","","","0","","","","","","","","","","","","","","","","","","","","","","","","","","","","","","","","","","","","","","","","","","","","","","","","","","",""
"23","1980-01-01 00:00:00","7","en","786449600","","","A1","A1","","A1","A1","A2","A1","N0","A1","N0","N0","N0","N0","N0","","","","","","","","","","","","","","","1","","","","","","","","","","","","","","","","","","","","","","","","","","","","","","1","","","","","","","","","","","","","","","","","","","","1","","","","","","","","","","","","","1","","","","","","","","","","","","","","","","","","","","","","","","","","","","","","","1","","","","","","","","","","","","","","","","","","","","","","","","","","","","","","","","","","","","1","","","","","","","","","","","","","","","","","","","1","","","","","","","","","","","","","","","","","","","","1","","","","","","","","","","","","","","","","","","","","","","","","","1","","","","","","","","","","","","","","","","","","","","","","","","","","","","","","1","","","","","","","","","","","","","","","A2","N0","A1","N0","A1","N0","A2","N0","A1","A1","","","","","","","","","","","","","","","1","","","","","","","","","","","","","","","","","","","","","","","","","1","","","","","","","","","","","","","","","","","","1","","","","","","","","","","","","","","","","","","","","","","","","","","1","","","","","","","","","","","","","","","","","","","","","","","","","1","","","","","","","","","","","","","","","","","","","","","","","","","1","","","","","","","","","","","","","","","","","","","","","","","","","1","","","","","","","","","","","","","","","","","","","","","","","","","1","","","","","","","","","","","","","","","","","","","","","","","","","1","","","","","","","","","","","","","","","","","","","","","1","","","","","","","","","","","","","","","","","","","","","","","","","","","","","1","","","","","","","","","","","","","","","","","","","","","","","","","1","","","","","","","","","","","","","","","","","","","","","","","A","A","A","N/A","803.15","58.12","","","","","","","","68.11","","","407.81","","","","","","","","","","","","","54.85","","","125.72","","","","","","","","","","","","49.18","","","","","","39.36","","","","",""
"24","1980-01-01 00:00:00","7","en","1960206577","","","A1","A1","","A1","A1","D4","D4","D3","A1","D1","D2","A3","D4","N0","","","","","","","","","","","","","","","","","","","","","","","1","","","","","","","","","","","","","","","","","","","1","","","","","","","","","","","","","","","","","","","","","","","","","","","","","","","1","","","","","","","","","","","","","","","","","","","","","","","","","1","","","","","","","","","","1","","","","","","","","","","","","","","","","","","","","","","","","","","","","","","","1","","","","","","","","","","","","","","","","","","","","","","","","","","","","","","","1","","","","","","","","","","","","","","","","","","","","","","","","","","","","1","","","","","1","","","","","","","","","","","","","","","","","","","","","","","","","","","","","","","","","1","","","","","","","","","","","","","","","","","","D4","A1","D4","D3","D1","N0","N0","D4","A4","N0","","","","","","","","","","","","","","","","","","","","","","","1","","","","","1","","","","","","","","","","","","","","","","","","","","","","","","","1","","","","","","","","","","","","","","","","","","","","","","","","","","","","","","","","","","","","","","","","","","","","","1","","","","","","","","","","","","","","","","","","","","1","","","","","","","","","","","","","","","","","","","","","","","","","","","","","","1","","","","","","","","","1","","","","","","","","","","","","","","","","","","","","","","","","","","","","","","","","","","","","","","","","","1","","","","","1","","","","","","","","","","","","","","","","","","","","","","","","","","","","","1","","","","","","","","","","","","","","","","","","","","","","","","","","","1","","","","","","","","","","","","","","","","","","","","","","","","","1","","","","","","","","","","","","","","","","","","","","","","","A","A","A","","950.35","105.93","","","","","","","","123.18","","","362.62","","","","","","","","","","","","","74.82","","","137.06","","","","","","","","","","","","90.45","","","","","","56.29","","","","",""
"25","","2","en","69735064","","","A1","A1","","A1","A1","D1","N0","A2","D3","D1","D2","N0","A1","D2","","","","","","","","","","","","","","","","","","","","","","","","","","","","","","","","","","","","","","","","","","","","","","","","","","","","","","","","","","","","","","","","","","","","","","","","","","","","","","","","","","","","","","","","","","","","","","","","","","","","","","","","","","","","","","","","","","","","","","","","","","","","","","","","","","","","","","","","","","","","","","","","","","","","","","","","","","","","","","","","","","","","","","","","","","","","","","","","","","","","","","","","","","","","","","","","","","","","","","","","","","","","","","","","","","","","","","","","","","","","","","","","","","","","","","","","","","","","","","","","","","","","","","","","","","","","","","","","","","","","","","","","","","","","","","","","","","","","","","","","","","","","","","","","","","","","","","","","","","","","","","","","","","","","","","","","","","","","","","","","","","","","","","","","","","","","","","","","","","","","","","","","","","","","","","","","","","","","","","","","","","","","","","","","","","","","","","","","","","","","","","","","","","","","","","","","","","","","","","","","","","","","","","","","","","","","","","","","","","","","","","","","","","","","","","","","","","","","","","","","","","","","","","","","","","","","","","","","","","","","","","","","","","","","","","","","","","","","","","","","","","","","","","","","","","","","","","","","","","","","","","","","","","","","","","","","","","","","","","","","","","","","","","","","","","","","","","","","","","","","","","","","","","","","","","","","","","","","","","","","","","","","","","","","","","","","","","93.48","35.81","","","","","","","","57.67","","","","","","","","","","","","","","","","","","","","","","","","","","","","","","","","","","","","","","","","","",""
"26","","3","en","1120019562","","","A1","A1","","A1","A1","D4","A1","A2","D4","D4","D4","A1","D4","D4","","","1","","","","","","","","","","","","","","","","","","","","","","","","","","1","","","","","","","","","","","","","","","","","","","","","","","","","1","","","","","","","","","","","","","","","","","","","","","","","","","","","","","","","","","","","","","","","1","","","","","","","","","","1","","","","","","","","","","","","","","","","","","","","","","","","","","1","","","","","","","","","","","","","","","","","","","","","","","","","","","","","","","","","","","","","","","","","","","","","","","","","1","","","","","","","","","","","","","","","","","","","","","","","","","","1","","","","","","","","","","","","","","","","","","","","","","","","","","","","","","","","","","","","","","","","","","","","","","","","","","","","","","","","","","","","","","","","","","","","","","","","","","","","","","","","","","","","","","","","","","","","","","","","","","","","","","","","","","","","","","","","","","","","","","","","","","","","","","","","","","","","","","","","","","","","","","","","","","","","","","","","","","","","","","","","","","","","","","","","","","","","","","","","","","","","","","","","","","","","","","","","","","","","","","","","","","","","","","","","","","","","","","","","","","","","","","","","","","","","","","","","","","","","","","","","","","","","","","","","","","","","","","","","","","","","","","","","","","","","","","","","","","","","","","","","","","","","","","","","","","","","","","","","","","","","","","","","","","","","","","","","","","","","","","","","","","","","","","","","","","","","","","","","","","","","","","","","","","","","","","","","","","","","","","","","","","","","","","","","","","306.35","18.29","","","","","","","","67.53","","","220.53","","","","","","","","","","","","","","","","","","","","","","","","","","","","","","","","","","","","","","",""
"27","1980-01-01 00:00:00","7","en","485283496","","","A1","A1","","A1","A1","D3","A2","A2","D3","D3","D3","A2","D3","D3","","","","","","","","","","","","","","","","","","1","","","","","","","","","","","","","","","","1","","","","","","","","","","","","","","","","","","","","","","","","","","","","","","","","","","1","","","","","","","","","","","","","","","","","","","","","","","","","","1","","","","","","","","","","","","","","","","","","","","1","","","","","","","","","","","","","","","","","","","","1","","","","","","","","","","","","","","","","","","","","","","","","","","","","","","","","","","","1","","","","","","","","","","","","","","","","","","","","1","","","","","","","","","","","","","","","","","","","","","1","","","","","","","","","","","","","","","","","","","","","","","","","","","","","","","","","","1","","","","","","","","","","D3","D1","D3","D3","D1","A1","D3","D3","A2","D3","","","","","","","","","","","","","","","","","","","1","","","","","","","","","","","","","","","","1","","","","","","","","","","","","","","","","","","","","","","","","","","1","","","","","","","","","","","","","","","","","","","","","","","","","","","","1","","","","","","","","","","","","","","","","","","","","","","","","","1","","","","","","","","","","","","","","","","","","","","","","","","","","","","","1","","","","","","","","","","","","","","","","1","","","","","","","","","","","","","","","","","","","","","","","","","","","","","","1","","","","","","","","","","","","","","","","","","","","","","","","","","","","","","1","","","","","","","","","","","","","","","","","","","","","","","","","","","1","","","","","","","","","","","","","","","","","","","","","1","","","","","","","","","","","","","","","","","","","","","1","","","","","","","","","","","","","","","","","","","A","A","A","","674.15","96.53","","","","","","","","85.08","","","228.54","","","","","","","","","","","","","65.73","","","100.77","","","","","","","","","","","","45.73","","","","","","51.77","","","","",""
"28","1980-01-01 00:00:00","7","en","212765056","","","A1","A1","","A1","A1","D4","A4","A2","D3","D3","D4","A2","D3","D3","","","","","","","","","","","","","","","","","","","","","","","1","","","","","","","","","","","","","","","","","","","","1","","","","","","","","","","","","","","","","","","","","","","","","","","","","","","1","","","","","","","","","","","","","","","","","","","","","","","","","1","","","","","","","","","","","","","","","","","","","","","","","","","1","","","","","","","","1","","","","","","","","","","","","","","","","","","","","","","","","","","","","","","","","","","","","","","","","","","1","","","","","","","","","","","","","","","","","","","","","","","","","1","","","","","","","1","","","","","","","","","","","","","","","","","","","","","","","","","","","","","","","","","","","","","","","","","","","1","","","","","","D4","D4","D4","D4","D4","A2","D4","D4","A2","D4","","","","","","","","","","","","","","","","","","","","","","","1","","","","","","","","1","","","","","","","","","","","","","","","","","","","","","","","","","","","","","","","","","","","","","","","","","","","1","","","","","","","","","","","","","","","","","","","","","","","","1","","","","","","","","","","","","","","","","","","","","","","","","","","1","","","","","","","","","","","","","","","","","","","","","","","","1","","","","","","","1","","","","","","","","","","","","","","","","","","","","","","","","","","","","","","","","","","","","","","","","","","","1","","","","","","","","","","","","","","","","","","","","","","","","","1","","","","","","","","","","","","","","","","","","","","","","1","","","","","","","","","","","","","","","","","","","","","","","1","","","","","","","","","","","","","","","","","","","","","1","","","","","","","","","","","","","","","","","","A","A","A","","595.09","100.7","","","","","","","","58.25","","","192.39","","","","","","","","","","","","","39.79","","","97.37","","","","","","","","","","","","69.92","","","","","","36.67","","","","",""
"29","","","en","690731368","","","","","","","","","","","","","","","","","","","","","","","","","","","","","","","","","","","","","","","","","","","","","","","","","","","","","","","","","","","","","","","","","","","","","","","","","","","","","","","","","","","","","","","","","","","","","","","","","","","","","","","","","","","","","","","","","","","","","","","","","","","","","","","","","","","","","","","","","","","","","","","","","","","","","","","","","","","","","","","","","","","","","","","","","","","","","","","","","","","","","","","","","","","","","","","","","","","","","","","","","","","","","","","","","","","","","","","","","","","","","","","","","","","","","","","","","","","","","","","","","","","","","","","","","","","","","","","","","","","","","","","","","","","","","","","","","","","","","","","","","","","","","","","","","","","","","","","","","","","","","","","","","","","","","","","","","","","","","","","","","","","","","","","","","","","","","","","","","","","","","","","","","","","","","","","","","","","","","","","","","","","","","","","","","","","","","","","","","","","","","","","","","","","","","","","","","","","","","","","","","","","","","","","","","","","","","","","","","","","","","","","","","","","","","","","","","","","","","","","","","","","","","","","","","","","","","","","","","","","","","","","","","","","","","","","","","","","","","","","","","","","","","","","","","","","","","","","","","","","","","","","","","","","","","","","","","","","","","","","","","","","","","","","","","","","","","","","","","","","","","","","","","","","","","","","","","","","","","","","","","","","","","","","","","","","","","","","","","","","","","","","","","","","","","","0","","","","","","","","","","","","","","","","","","","","","","","","","","","","","","","","","","","","","","","","","","","","","","","","","","",""
"30","","2","en","1918961345","","","A1","A1","","A1","A1","A1","D2","N0","A1","A1","A4","D4","A2","A1","","","","","","","","","","","","","","","","","","","","","","","","","","","","","","","","","","","","","","","","","","","","","","","","","","","","","","","","","","","","","","","","","","","","","","","","","","","","","","","","","","","","","","","","","","","","","","","","","","","","","","","","","","","","","","","","","","","","","","","","","","","","","","","","","","","","","","","","","","","","","","","","","","","","","","","","","","","","","","","","","","","","","","","","","","","","","","","","","","","","","","","","","","","","","","","","","","","","","","","","","","","","","","","","","","","","","","","","","","","","","","","","","","","","","","","","","","","","","","","","","","","","","","","","","","","","","","","","","","","","","","","","","","","","","","","","","","","","","","","","","","","","","","","","","","","","","","","","","","","","","","","","","","","","","","","","","","","","","","","","","","","","","","","","","","","","","","","","","","","","","","","","","","","","","","","","","","","","","","","","","","","","","","","","","","","","","","","","","","","","","","","","","","","","","","","","","","","","","","","","","","","","","","","","","","","","","","","","","","","","","","","","","","","","","","","","","","","","","","","","","","","","","","","","","","","","","","","","","","","","","","","","","","","","","","","","","","","","","","","","","","","","","","","","","","","","","","","","","","","","","","","","","","","","","","","","","","","","","","","","","","","","","","","","","","","","","","","","","","","","","","","","","","","","","","","","","","","","","","","","","","","","","","","","","","","","","","150.54","41.38","","","","","","","","109.16","","","","","","","","","","","","","","","","","","","","","","","","","","","","","","","","","","","","","","","","","",""
"31","1980-01-01 00:00:00","7","en","1660589480","","","A1","A1","","A1","A1","D2","A3","A1","D1","D1","D4","A2","D3","D3","","","","","","","","","","","","","","","","","","","","","1","","","","","","","","","","","","","","","","","","","","","","","1","","","","","","","","","","","","","","","","","","","","","","","","","1","","","","","","","","","","","","","","","","","","","","","","","","","1","","","","","","","","","","","","","","","","","","","","","1","","","","","","","","","","","","","","","","","","","","","","","","","","","","","1","","","","","","","","","","","","","","","","","","","1","","","","","","","","","","","","","","","","","","","","","","","","","","","","","","","1","","","","","","","","","","","","","","","","","1","","","","","","","","","","","","","","","","","","","","","","","","","","","","","","","","","1","","","","","","","","","","D3","D1","D2","D3","D3","D2","D2","D3","A1","D3","","","","","","","","","","","","","","","","","","","1","","","","","","","","","","","","1","","","","","","","","","","","","","","","","","","","","","","","","","","","","","","","","","","1","","","","","","","","","","","","","","","","","","","","","","","","","","","","","1","","","","","","","","","","","","","","","","","","","1","","","","","","","","","","","","","","","","","","","","","","","","","","","","","","","","","","","1","","","","","","","","","","","","","","","","1","","","","","","","","","","","","","","","","","","","","","","","","","","","","","","1","","","","","","","","","","","","","","","","","","","","","","","","","1","","","","","","","","","","","","","","","","","","","","","","","","","","","","","","","1","","","","","","","","","","","","","","","","","","","","","1","","","","","","","","","","","","","","","","","","1","","","","","","","","","","","","","","","","","","B","A","B","Cool idea, never thought of a double sided grid for surveys. Only problem i had with the whole thing is the cap on age on the fist page. There should at least be an other button since from what i realized is that many people in the stats courses are above the age. I am 20 for example. Either way i hope the survey goes well","833.85","46.41","","","","","","","","90.68","","","250.73","","","","","","","","","","","","","55.98","","","109.69","","","","","","","","","","","","49.55","","","","","","230.81","","","","",""
"32","","1","en","306324108","","","A1","A1","","A2","A1","","","","","","","","","","","","","","","","","","","","","","","","","","","","","","","","","","","","","","","","","","","","","","","","","","","","","","","","","","","","","","","","","","","","","","","","","","","","","","","","","","","","","","","","","","","","","","","","","","","","","","","","","","","","","","","","","","","","","","","","","","","","","","","","","","","","","","","","","","","","","","","","","","","","","","","","","","","","","","","","","","","","","","","","","","","","","","","","","","","","","","","","","","","","","","","","","","","","","","","","","","","","","","","","","","","","","","","","","","","","","","","","","","","","","","","","","","","","","","","","","","","","","","","","","","","","","","","","","","","","","","","","","","","","","","","","","","","","","","","","","","","","","","","","","","","","","","","","","","","","","","","","","","","","","","","","","","","","","","","","","","","","","","","","","","","","","","","","","","","","","","","","","","","","","","","","","","","","","","","","","","","","","","","","","","","","","","","","","","","","","","","","","","","","","","","","","","","","","","","","","","","","","","","","","","","","","","","","","","","","","","","","","","","","","","","","","","","","","","","","","","","","","","","","","","","","","","","","","","","","","","","","","","","","","","","","","","","","","","","","","","","","","","","","","","","","","","","","","","","","","","","","","","","","","","","","","","","","","","","","","","","","","","","","","","","","","","","","","","","","","","","","","","","","","","","","","","","","","","","","","","","","","","","","","","","","","","","","","","","","","","","47.09","47.09","","","","","","","","","","","","","","","","","","","","","","","","","","","","","","","","","","","","","","","","","","","","","","","","","",""
"33","","1","en","927875586","","","A1","A1","","A2","A1","","","","","","","","","","","","","","","","","","","","","","","","","","","","","","","","","","","","","","","","","","","","","","","","","","","","","","","","","","","","","","","","","","","","","","","","","","","","","","","","","","","","","","","","","","","","","","","","","","","","","","","","","","","","","","","","","","","","","","","","","","","","","","","","","","","","","","","","","","","","","","","","","","","","","","","","","","","","","","","","","","","","","","","","","","","","","","","","","","","","","","","","","","","","","","","","","","","","","","","","","","","","","","","","","","","","","","","","","","","","","","","","","","","","","","","","","","","","","","","","","","","","","","","","","","","","","","","","","","","","","","","","","","","","","","","","","","","","","","","","","","","","","","","","","","","","","","","","","","","","","","","","","","","","","","","","","","","","","","","","","","","","","","","","","","","","","","","","","","","","","","","","","","","","","","","","","","","","","","","","","","","","","","","","","","","","","","","","","","","","","","","","","","","","","","","","","","","","","","","","","","","","","","","","","","","","","","","","","","","","","","","","","","","","","","","","","","","","","","","","","","","","","","","","","","","","","","","","","","","","","","","","","","","","","","","","","","","","","","","","","","","","","","","","","","","","","","","","","","","","","","","","","","","","","","","","","","","","","","","","","","","","","","","","","","","","","","","","","","","","","","","","","","","","","","","","","","","","","","","","","","","","","","","","","","","","","","","","","","","","","","","88.68","88.68","","","","","","","","","","","","","","","","","","","","","","","","","","","","","","","","","","","","","","","","","","","","","","","","","",""
"34","","","en","589306182","","","","","","","","","","","","","","","","","","","","","","","","","","","","","","","","","","","","","","","","","","","","","","","","","","","","","","","","","","","","","","","","","","","","","","","","","","","","","","","","","","","","","","","","","","","","","","","","","","","","","","","","","","","","","","","","","","","","","","","","","","","","","","","","","","","","","","","","","","","","","","","","","","","","","","","","","","","","","","","","","","","","","","","","","","","","","","","","","","","","","","","","","","","","","","","","","","","","","","","","","","","","","","","","","","","","","","","","","","","","","","","","","","","","","","","","","","","","","","","","","","","","","","","","","","","","","","","","","","","","","","","","","","","","","","","","","","","","","","","","","","","","","","","","","","","","","","","","","","","","","","","","","","","","","","","","","","","","","","","","","","","","","","","","","","","","","","","","","","","","","","","","","","","","","","","","","","","","","","","","","","","","","","","","","","","","","","","","","","","","","","","","","","","","","","","","","","","","","","","","","","","","","","","","","","","","","","","","","","","","","","","","","","","","","","","","","","","","","","","","","","","","","","","","","","","","","","","","","","","","","","","","","","","","","","","","","","","","","","","","","","","","","","","","","","","","","","","","","","","","","","","","","","","","","","","","","","","","","","","","","","","","","","","","","","","","","","","","","","","","","","","","","","","","","","","","","","","","","","","","","","","","","","","","","","","","","","","","","","","","","","","","","","","","","","0","","","","","","","","","","","","","","","","","","","","","","","","","","","","","","","","","","","","","","","","","","","","","","","","","","",""
"35","","3","en","360090382","","","A1","A1","","A1","A1","D2","D1","A2","D1","N0","D4","D1","D2","A2","","","","","","","1","","","","","","","","","","","","","","","","","","","","","","","","","1","","","","","","","","","","","","","","","","","","","","","","","","1","","","","","","","","","","","","","","","","","","","","","","","","","1","","","","","","","","","","","","","","","","","","","","","","","","","","","","1","","","","","","","","","","","","","","","","","","","","","","","","","","","1","","","","","","","","","","","","","","","","","","","","","1","","","","","","","","","","","","","","","","","","","","","","","","","1","","","","","","","","","","","","","","","","","","","","","","","","","","","","","","","","","1","","","","","","","","","","","","","","","","","1","","","","","","","","","","","","","","","","","","","","","","","","","","","","","","","","","","","","","","","","","","","","","","","","","","","","","","","","","","","","","","","","","","","","","","","","","","","","","","","","","","","","","","","","","","","","","","","","","","","","","","","","","","","","","","","","","","","","","","","","","","","","","","","","","","","","","","","","","","","","","","","","","","","","","","","","","","","","","","","","","","","","","","","","","","","","","","","","","","","","","","","","","","","","","","","","","","","","","","","","","","","","","","","","","","","","","","","","","","","","","","","","","","","","","","","","","","","","","","","","","","","","","","","","","","","","","","","","","","","","","","","","","","","","","","","","","","","","","","","","","","","","","","","","","","","","","","","","","","","","","","","","","","","","","","","","","","","","","","","","","","","","","","","","","","","","","","","","","","","","","","483.82","47.59","","","","","","","","269.99","","","166.24","","","","","","","","","","","","","","","","","","","","","","","","","","","","","","","","","","","","","","",""
"36","1980-01-01 00:00:00","7","en","121322120","","","A1","A1","","A1","A1","A2","A4","A1","A4","D3","N0","A2","A4","A4","","","","","","","","","","","1","","","","","","","","","","","","","","","","","","","","","","","","","","1","","","","","","","","","","","","","","","","","","","","","","","","","1","","","","","","","","","","","","","","","","","","","","","","","","","1","","","","","","","","","","","","","","","","","","","","","","","","","","","","","","1","","","","","","","","","","","1","","","","","","","","","","","","","","","","","","","","","","","","","","","","","","","","","","","","","","","1","","","","","","","","","","","","","1","","","","","","","","","","","","","","","","","","","","","","","","","","","","1","","","","","","","","","","","","","","","","","","","","","","","","1","","","","","","","","","","","","","","","","","","","","","","A4","A4","A3","A3","A3","D4","A3","D2","A1","A4","","","","","","","","","","1","","","","","","","","","","","","","","","","","","","","","","1","","","","","","","","","","","","","","","","","","","","","","","","","","","","1","","","","","","","","","","","","","","","","","","","","","","","","","","","","","","","","1","","","","","","","","","","","","","","","","","","1","","","","","","","","","","","","","","","","","","","","","","","","","","1","","","","","","","","","","","","","","","","","","","","","","","","","1","","","","","","","","","","","","","","","","","","","","","","","","","","1","","","","","","","","","","","","","","","","","","","","1","","","","","","","","","","","","","","","","","","","","","","","","","","","","","","","1","","","","","","","","","","","","","","","","","","","","","","","","1","","","","","","","","","","","","","","","","","","","","","1","","","","","","","","","","","","","","","","","","","","","","","","B","B","A","","825.55","96.95","","","","","","","","165.7","","","204.3","","","","","","","","","","","","","96.38","","","126.6","","","","","","","","","","","","73.4","","","","","","62.22","","","","",""
"37","1980-01-01 00:00:00","7","en","780936670","","","A1","A1","","A1","A1","A3","D2","A4","A1","A4","A3","D4","D1","D1","","","","","","","","","","","","","","","","","","","","","","1","","","","","","","","1","","","","","","","","","","","","","","","","","","","","","","","","","1","","","","","","","","","","","","","","","","","","","","","","","","","","","","","","","","","","","","","","","","","","","1","","","","","","","","1","","","","","","","","","","","","","","","","","","","","","","","","","","","","","","","","","","","","","","","","","","1","","","","","","","","","","","","","","","","","","","","1","","","","","","","","","","","","","1","","","","","","","","","","","","","","","","","","","","","","","","","","","","","","","","","","","","","","","","","","1","","","","","","1","","","","","","","","","","","","","","","","","","","","","","","","","A1","A1","A1","D4","A1","D4","N0","A2","D3","N0","","","","","","1","","","","","","","","","","","","","","","","","","","","","","","","","","","","","","","","","","","","","","","","","","1","","","","","","","","","","","","","","","","","","","","","","","","","1","","","","","","","","1","","","","","","","","","","","","","","","","","","","","","","","","","","1","","","","","","","","","","","","","","","","","","","","","","","1","","","","","","","","","","","","","","","","","","","","","","","","","","","","","","","","","","","","","","","","","","","1","","","","","","","","1","","","","","","","","","","","","","","","","","","","","","","","","","1","","","","","","","","","","","","","","","","","","","","","","","","","","","","","","","","","","","","","","","","","","","","1","","","","","","","","1","","","","","","","","","","","","","","","","","","","","","","","","","","1","","","","","","","","","","","","","","","","","","","","","","","B","B","C","","364.8","23.6","","","","","","","","50.35","","","135.41","","","","","","","","","","","","","42","","","50.53","","","","","","","","","","","","32.41","","","","","","30.5","","","","",""
"38","","","en","597404857","","","","","","","","","","","","","","","","","","","","","","","","","","","","","","","","","","","","","","","","","","","","","","","","","","","","","","","","","","","","","","","","","","","","","","","","","","","","","","","","","","","","","","","","","","","","","","","","","","","","","","","","","","","","","","","","","","","","","","","","","","","","","","","","","","","","","","","","","","","","","","","","","","","","","","","","","","","","","","","","","","","","","","","","","","","","","","","","","","","","","","","","","","","","","","","","","","","","","","","","","","","","","","","","","","","","","","","","","","","","","","","","","","","","","","","","","","","","","","","","","","","","","","","","","","","","","","","","","","","","","","","","","","","","","","","","","","","","","","","","","","","","","","","","","","","","","","","","","","","","","","","","","","","","","","","","","","","","","","","","","","","","","","","","","","","","","","","","","","","","","","","","","","","","","","","","","","","","","","","","","","","","","","","","","","","","","","","","","","","","","","","","","","","","","","","","","","","","","","","","","","","","","","","","","","","","","","","","","","","","","","","","","","","","","","","","","","","","","","","","","","","","","","","","","","","","","","","","","","","","","","","","","","","","","","","","","","","","","","","","","","","","","","","","","","","","","","","","","","","","","","","","","","","","","","","","","","","","","","","","","","","","","","","","","","","","","","","","","","","","","","","","","","","","","","","","","","","","","","","","","","","","","","","","","","","","","","","","","","","","","","","","","","","","","","0","","","","","","","","","","","","","","","","","","","","","","","","","","","","","","","","","","","","","","","","","","","","","","","","","","",""
"39","","5","en","359584378","","","A1","A1","","A1","A1","A1","N0","D1","A1","","A1","D1","D1","D2","","","","1","","","","","","","","","","","","","","","","","","","","","","","","","","1","","","","","","","","","","","","","","","","","","","","","","","","1","","","","","","","","","","","","","","","","","","","","","","","","","1","","","","","","","","","","","","","","","","","","","","","","","","","1","","","","","","","","","","","","","","","","","","","","","","","","1","","","","","","","","","","","","","","","","","","","","","","","","","","1","","","","","","","","","","","","","","","","","","","","","","","","","1","","","","","","","","","","","","","","","","","","","","","","","","","1","","","","","","","","","","","","","","","","","","","","","","","","","1","","","","","","","","","","","","","","","","","","","","","","","","","A1","A1","A1","A1","A1","D4","A1","A1","N0","A1","","","","","","","","","1","","","","","","","","","","","","","","","","","","","","","","1","","","","","","","","","","","","","","","","","","","","","","","","","1","","","","","","","","","","","","","","","","","","","","","","","","","","","","1","","","","","","","","","","","","","","","","","","","","","1","","","","","","","","","","","","","","","","","","","","","","","","","","","","","","1","","","","","","","","","","","","","","","","","","","1","","","","","","","","","","","","","","","","","","","","","","","","","","","","","","1","","","","","","","","","","","","","","","","","","","","","","","","","1","","","","","","","","","","","","","","","","","","","","","","","","","","","","","","","","","","","","","","","","","","","","","","","","","","","","","","","","","","","","","","","","","","","","","","","","","","","","","","","","","","","","","","","","","","","","","","","","","","","","","","436.82","23.52","","","","","","","","48.6","","","65.51","","","","","","","","","","","","","37.5","","","261.69","","","","","","","","","","","","","","","","","","","","","","",""
"40","1980-01-01 00:00:00","7","en","164663686","","","A1","A1","","A1","A1","D4","A4","D2","D3","D4","D4","A4","D4","D4","","","","","","","","","","","","","","","","","","","","","","","1","","","","","","","1","","","","","","","","","","","","","","","","","","","","","","","","","","","","","","","","","","","","","","","","","","","1","","","","","","","","","","","","","","","","","","","","","","","","","1","","","","","","","","","","","","","","","","","","","","","","","","","1","","","","","","","","","1","","","","","","","","","","","","","","","","","","","","","","","","","","","","","","","","","","","","1","","","","","","","","","","","","","","","","","","","","","","","","","","","","","","1","","","","","","","","","1","","","","","","","","","","","","","","","","","","","","","","","","","","","","1","","","","","","","","","","","","","","","","","","","D4","D3","D4","D4","D4","A4","D3","D4","A4","D3","","","","","","","","","","","","","1","","","","","","","","","","","","","","","","","","","1","","","","","","","","","","","","","","","","","","","","","","","","","","","","","","","","","","","","","","","","","1","","","","","","","","","","","","","","","","","","","","","","","","","1","","","","","","","","","","","","","","","","","","","","","","","","","1","","","","","","","","","","","","","","","","","","","","","","","","","1","","","","","","","","","1","","","","","","","","","","","","","","","","","","","","","","","","","","","","","","","","","","","","","","","","","1","","","","","","","","","","","","","","","","","","","","","","","","","1","","","","","","","","","","","","","","","","","","","","","","","","","","","1","","","","","","","1","","","","","","","","","","","","","","","","","","","","","","","","","","","1","","","","","","","","","","","","","","","","","","","","","","","B","A","A","The grid items allowed for more in-depth answers but it was not easy to understand right away. I believe surveys using this item would benefit from incorporating some grid 'understanding' questions into their survey. These would be questions that only serve to establish whether or not the user understands how to answer grid items, and would only be known to the researcher. I believe they would help show whether or not the tester answered the questions as the item intended, and it therefore the researcher would not have to worry about the validity of their data in that regard. ","834.29","33.69","","","","","","","","38.54","","","178.91","","","","","","","","","","","","","28.33","","","51.08","","","","","","","","","","","","45.98","","","","","","457.76","","","","",""

